,url_link_source,target
0,https://new.rah.ru/events/articles/,1.0
1,https://new.rah.ru/events/news/,1.0
2,https://new.rah.ru/education/novosti_sobytiya/index.php,1.0
3,https://medkareta.ru/,0.0
4,https://medkareta.ru/news/,1.0
5,https://medkareta.ru/uslugi/,0.0
6,http://autoshinsnab.com/about/news,1.0
7,http://autoshinsnab.com/catalog/,0.0
8,http://autoshinsnab.com/producers,0.0
9,http://autoshinsnab.com/producers/,0.0
10,http://autoshinsnab.com/about/news/rasshirennaja_garantija_laufenn,0.0
11,http://autoshinsnab.com/about/news/shiny_nortec,0.0
12,https://wdnonline.com/news-staff,1.0
13,https://wdnonline.com/,0.0
14,https://wdnonline.com/news,1.0
15,http://als.tomskinvest.ru/news/publikacii,1.0
16,http://als.tomskinvest.ru/news/general,1.0
17,http://als.tomskinvest.ru/news/anonses,1.0
18,https://TCXVQP.prnews.io/./,1.0
19,https://TCXVQP.prnews.io/?p=2,1.0
20,https://TCXVQP.prnews.io/?p=3,1.0
21,https://TCXVQP.prnews.io/?p=4,1.0
22,http://shop.dadget.ru/catalog/,0.0
23,http://shop.dadget.ru/catalog/greentest/,0.0
24,http://shop.dadget.ru/catalog/3d_risovanie/,0.0
25,http://shop.dadget.ru/catalog/seekthermal/,0.0
26,http://shop.dadget.ru/catalog/auto/,0.0
27,http://shop.dadget.ru/catalog/audio/,0.0
28,http://shop.dadget.ru/catalog,0.0
29,http://shop.dadget.ru/,0.0
30,http://mt.bmstu.ru/news_archive.php,1.0
31,https://dellsubdomen.dovidkove.com/ua/catalogsite/,0.0
32,https://dellsubdomen.dovidkove.com/ua/catalog/,0.0
33,https://dellsubdomen.dovidkove.com/ua/companynews/allnews/,1.0
34,https://dellsubdomen.dovidkove.com/ua/,0.0
35,https://dellsubdomen.dovidkove.com/ua/news/allnews/,1.0
36,https://dellsubdomen.dovidkove.com/,0.0
37,https://dellsubdomen.dovidkove.com/ru/news/allnews/,1.0
38,https://osurgut.com/news/index,1.0
39,https://smi.pnzreg.ru/news/,1.0
40,https://sch417uv.mskobr.ru/novosti,1.0
41,http://balakovo-bank.ru/novosti/,1.0
42,https://comarhivro.donland.ru/presscenter/news/,1.0
43,https://comarhivro.donland.ru/presscenter/,1.0
44,https://comarhivro.donland.ru/presscenter/photo/,0.0
45,https://comarhivro.donland.ru/,0.0
46,https://comarhivro.donland.ru/about/,0.0
47,https://comarhivro.donland.ru/activity/,0.0
48,https://comarhivro.donland.ru/documents/,0.0
49,https://collection.rin.ru/novosti/,1.0
50,https://collection.rin.ru/novosti/catalog/news.html,0.0
51,https://collection.rin.ru/,0.0
52,https://collection.rin.ru/cgi-bin/article.pl?idp=1,0.0
53,https://collection.rin.ru/cgi-bin/org.pl,0.0
54,https://collection.rin.ru/cgi-bin/person.pl,0.0
55,https://belokatai.bashkortostan.ru/activity/,0.0
56,https://belokatai.bashkortostan.ru/presscenter/news/,1.0
57,https://belokatai.bashkortostan.ru/presscenter/photo/,0.0
58,https://belokatai.bashkortostan.ru/,0.0
59,https://abff.by/news/article/papa,0.0
60,https://abff.by/,1.0
61,https://abff.by/news,1.0
62,https://abff.by/by/,1.0
63,https://abff.by/en/,1.0
64,https://abff.by/news?tag=1,1.0
65,https://abff.by/news?tag=9,1.0
66,https://abff.by/news/article/wooow,0.0
67,http://dornews.ru/,0.0
68,http://dornews.ru/sobytiya/,1.0
69,http://dornews.ru/beseda/,1.0
70,http://dornews.ru/dorogi/,1.0
71,http://dornews.ru/zaksobranie/,1.0
72,http://dornews.ru/kontakty/,0.0
73,http://dornews.ru/auth/,0.0
74,http://dornews.ru/korotko/,1.0
75,http://dornews.ru/analiz/,1.0
76,http://dornews.ru/fotogalereya/,0.0
77,http://dornews.ru/.carousel,0.0
78,http://dornews.ru/korotko/tekhosmotr_delo_dobrovolnoe.html,0.0
79,http://dornews.ru/korotko/ne_kadom_edinym.html,0.0
80,https://montreal.ctvnews.ca/in-depth-interviews,1.0
81,https://montreal.ctvnews.ca/culture,1.0
82,https://montreal.ctvnews.ca/education,1.0
83,https://montreal.ctvnews.ca/science-tech,1.0
84,https://montreal.ctvnews.ca/opinion,1.0
85,https://montreal.ctvnews.ca/montreal-politics,1.0
86,https://montreal.ctvnews.ca/,1.0
87,https://montreal.ctvnews.ca/traffic,1.0
88,https://montreal.ctvnews.ca/contests,1.0
89,https://montreal.ctvnews.ca/more/about-us,0.0
90,https://montreal.ctvnews.ca/local-weather,0.0
91,https://montreal.ctvnews.ca/business,1.0
92,https://montreal.ctvnews.ca/quebec-politics,1.0
93,https://montreal.ctvnews.ca/lifestyle,1.0
94,https://montreal.ctvnews.ca/creative-services,0.0
95,https://montreal.ctvnews.ca/contact-us,0.0
96,https://montreal.ctvnews.ca/on-patrol,1.0
97,https://montreal.ctvnews.ca/local-news,1.0
98,https://montreal.ctvnews.ca/community-calendar,0.0
99,https://montreal.ctvnews.ca/health,1.0
100,https://montreal.ctvnews.ca/environment,1.0
101,https://ug.tsargrad.tv/news,1.0
102,https://ug.tsargrad.tv/articles,1.0
103,https://ug.tsargrad.tv/news/rubric/important,1.0
104,https://ug.tsargrad.tv/shows/rubric/novosti-dnja,1.0
105,https://rsr-online.ru/news/,1.0
106,https://tusp21.msp.midural.ru/news/,1.0
107,http://informexpo.ru/news,1.0
108,http://chelnyvodokanal.ru/news,1.0
109,http://chelnyvodokanal.ru/news/,1.0
110,https://digitalspy.com/showbiz/,1.0
111,https://digitalspy.com/contenttype/news/,1.0
112,https://digitalspy.com/tv/,1.0
113,https://digitalspy.com/tv/reality-tv/,1.0
114,https://digitalspy.com/soaps/hollyoaks/,1.0
115,https://digitalspy.com/movies/,1.0
116,https://digitalspy.com/tech/,1.0
117,https://digitalspy.com/soaps/eastenders/,1.0
118,https://digitalspy.com/soaps/emmerdale/,1.0
119,https://digitalspy.com/soaps/neighbours/,1.0
120,https://digitalspy.com/soaps/home-and-away/,1.0
121,https://digitalspy.com/music/,1.0
122,https://digitalspy.com/comics/,1.0
123,https://digitalspy.com/,1.0
124,https://digitalspy.com/tv/ustv/,1.0
125,https://digitalspy.com/soaps/,1.0
126,https://digitalspy.com/soaps/coronation-street/,1.0
127,https://molva33.ru/category/news/,1.0
128,https://molva33.ru/category/news/society/,1.0
129,https://molva33.ru/category/news/events/,1.0
130,http://nvrsk.com/ads/nedvizhimost/,0.0
131,http://nvrsk.com/news/,1.0
132,http://nvrsk.com/forum/auto/,0.0
133,http://nvrsk.com/forum/obyavleniya/,0.0
134,http://nvrsk.com/ads/lichnye-veschi/,0.0
135,http://nvrsk.com/forum/nauka/,0.0
136,http://nvrsk.com/forum/otdix/,0.0
137,http://nvrsk.com/orgs/,0.0
138,http://nvrsk.com/forum/,0.0
139,http://nvrsk.com/forum/talks/,0.0
140,https://vbr.ranepa.ru/news/novosti-filiala.php,1.0
141,https://vbr.ranepa.ru/news/novosti-akademii.php,1.0
142,https://derbund.ch/newsletter,0.0
143,http://crism.ru/news/announcements.aspx,0.0
144,http://crism.ru/news/index.aspx,1.0
145,http://crism.ru/news/media.aspx,1.0
146,http://crism.ru/news/archive.aspx,0.0
147,http://crism.ru/news/Yubileynyy-NTS.aspx,0.0
148,https://ru.studyqa.com/for-universities/news,1.0
149,https://ru.studyqa.com/programs/country/united-kingdom/city/any/level/any/subject/any/place/any/timing/any/language/any,0.0
150,https://ru.studyqa.com/programs/country/united-states/city/any/level/any/subject/any/place/any/timing/any/language/any,0.0
151,https://ru.studyqa.com/internships,0.0
152,https://ru.studyqa.com/articles,1.0
153,https://ru.studyqa.com/search,0.0
154,https://ru.studyqa.com/united-kingdom,0.0
155,https://ru.studyqa.com/united-states,0.0
156,http://vladoblgaz.ru/press-center/novosti/,1.0
157,https://irkutsk.rcfh.ru/news.html,1.0
158,https://irkutsk.rcfh.ru/all-articles.html,0.0
159,http://pda.fsin.su/news/arhive.php,1.0
160,http://umuc.fsin.su/,1.0
161,http://umuc.fsin.su/criminal/,0.0
162,http://netbynet.ru/about/vacancies,0.0
163,https://gymg1306.mskobr.ru/olimpiadnoe_dvizhenie/olimpiadnye_novosti,1.0
164,https://gymg1306.mskobr.ru/novosti,1.0
165,https://castlegarnews.com/volunteer-local/,0.0
166,https://castlegarnews.com/submit/,0.0
167,https://castlegarnews.com/tag/celebrations-of-life/,0.0
168,https://castlegarnews.com/sports/,1.0
169,https://castlegarnews.com/community/,1.0
170,https://castlegarnews.com/local-events/,1.0
171,https://castlegarnews.com/good-news/,0.0
172,https://castlegarnews.com/tag/bc-green/,1.0
173,https://castlegarnews.com/trending-now/,1.0
174,https://castlegarnews.com/news/,1.0
175,https://castlegarnews.com/entertainment/,1.0
176,https://castlegarnews.com/national-marketplace/,0.0
177,https://castlegarnews.com/weather/,0.0
178,https://castlegarnews.com/search/,0.0
179,https://castlegarnews.com/funeral-care-services/,0.0
180,https://castlegarnews.com/video/,0.0
181,https://castlegarnews.com/good-news,0.0
182,https://castlegarnews.com/e-editions/,0.0
183,https://castlegarnews.com/opinion/,1.0
184,https://castlegarnews.com/marketplace/,0.0
185,https://castlegarnews.com/tag/coronavirus/,1.0
186,https://castlegarnews.com/contact-us/,0.0
187,https://castlegarnews.com/contests/,0.0
188,https://castlegarnews.com/obituaries/,0.0
189,https://castlegarnews.com/business/,1.0
190,https://castlegarnews.com/life/,1.0
191,https://castlegarnews.com/newsletters/,0.0
192,https://vodokanal.kharkov.ua/news/page/8,1.0
193,https://vodokanal.kharkov.ua/news/newsphoto,0.0
194,https://vodokanal.kharkov.ua/news/page/2,1.0
195,https://vodokanal.kharkov.ua/news/page/4,1.0
196,https://vodokanal.kharkov.ua/news/page/3,1.0
197,https://vodokanal.kharkov.ua/news/page/7,1.0
198,https://vodokanal.kharkov.ua/news/newsvideo/nxuQXHVy_FA,0.0
199,https://vodokanal.kharkov.ua/news/page/9,1.0
200,https://vodokanal.kharkov.ua/news/newsvideo/KHNocureZvY,0.0
201,https://vodokanal.kharkov.ua/news/newsvideo/3Nz9-EhLuzU,0.0
202,https://vodokanal.kharkov.ua/news/newsvideo/vgK8S_bFnVM,0.0
203,https://vodokanal.kharkov.ua/news/page/1,1.0
204,https://vodokanal.kharkov.ua/news/page/5,1.0
205,https://vodokanal.kharkov.ua/news/page/6,1.0
206,https://vodokanal.kharkov.ua/news,1.0
207,https://vodokanal.kharkov.ua/news/newsvideo,0.0
208,http://journal-gorproekt.ru/,0.0
209,http://journal-gorproekt.ru/news/main/,1.0
210,http://journal-gorproekt.ru/news/u_rulya/,1.0
211,http://journal-gorproekt.ru/news/obrazets/,1.0
212,http://journal-gorproekt.ru/news/zozh/,1.0
213,http://journal-gorproekt.ru/news/domovoy/chelovek_legenda/,0.0
214,http://journal-gorproekt.ru/news/skd/,1.0
215,http://journal-gorproekt.ru/news/bags/,1.0
216,http://journal-gorproekt.ru/news/purse/,1.0
217,http://journal-gorproekt.ru/news/ot_redaktora/,1.0
218,http://journal-gorproekt.ru/print/,0.0
219,http://journal-gorproekt.ru/print,0.0
220,http://journal-gorproekt.ru/news/domovoy/,1.0
221,http://journal-gorproekt.ru/news/mood/,1.0
222,http://journal-gorproekt.ru/news/mood/annett/,0.0
223,http://journal-gorproekt.ru/news/roof/,1.0
224,http://journal-gorproekt.ru/news/hardworker/,1.0
225,http://tambovskiy--amr.sudrf.ru/,0.0
226,https://vtinform.com/,1.0
227,https://vtinform.com/conference/,0.0
228,https://vtinform.com/news_bur/,1.0
229,https://thetimesherald.com/news/,1.0
230,https://osnova.news/cat/6/,1.0
231,https://osnova.news/news/,1.0
232,https://osnova.news/persons/,1.0
233,https://osnova.news/,1.0
234,https://osnova.news/cat/5/,1.0
235,https://osnova.news/cat/7/,1.0
236,https://osnova.news/cat/8/,1.0
237,https://osnova.news/pg/privacy/,0.0
238,https://osnova.news/cat/2/,1.0
239,https://osnova.news/cat/3/,1.0
240,https://osnova.news/cat/4/,1.0
241,https://osnova.news/cat/9/,1.0
242,https://osnova.news/videos/,0.0
243,https://osnova.news/addnews/,0.0
244,https://osnova.news/search/,0.0
245,https://osnova.news/cat/7,1.0
246,https://osnova.news/themes/,1.0
247,https://osnova.news/cat/1/,1.0
248,https://osnova.news/col/,1.0
249,https://osnova.news/articles/,1.0
250,https://osnova.news/photos/,0.0
251,https://osnova.news/storys/,1.0
252,https://osnova.news/pg/agreement/,0.0
253,https://osnova.news/voting/,0.0
254,http://ido.tuvsu.ru/news,1.0
255,http://ido.tuvsu.ru/news/,1.0
256,https://murmansk.kp.ru/,1.0
257,https://murmansk.kp.ru/video/,0.0
258,https://murmansk.kp.ru/daily/right-benefits/,1.0
259,https://murmansk.kp.ru/health/,1.0
260,https://murmansk.kp.ru/tourism/,1.0
261,https://yanao.sledcom.ru/news?type=corrupt,1.0
262,https://yanao.sledcom.ru/news/rss/,0.0
263,https://yanao.sledcom.ru/news,1.0
264,https://mkd.rs.gov.ru/,0.0
265,https://mkd.rs.gov.ru/news/novosti_list/,1.0
266,https://realty.irk.ru/rss/realty-news-rss.php,0.0
267,https://realty.irk.ru/news.php,1.0
268,https://realty.irk.ru/news.php?rub=1,1.0
269,https://realty.irk.ru/news.php?rub=4,1.0
270,https://realty.irk.ru/news.php?rub=8,1.0
271,https://realty.irk.ru/news.php?rub=9,1.0
272,https://rgdb.ru/projects,0.0
273,https://rgdb.ru/home/news,1.0
274,https://rgdb.ru/,0.0
275,https://rgdb.ru/konkursy,0.0
276,https://francebourse.com/fiche_news_BOURSE.fb,0.0
277,https://francebourse.com/fiche_news_ITW.fb,0.0
278,https://francebourse.com/fiche_news_EXTERNAL.fb,0.0
279,https://francebourse.com/news_BOURSE.fb,1.0
280,https://francebourse.com/news_ITW.fb,1.0
281,https://francebourse.com/fiche_news_PEDAG.fb,0.0
282,https://francebourse.com/fiche_news_FR.fb,0.0
283,https://francebourse.com/news_PEDAG.fb,1.0
284,https://francebourse.com/news_FR.fb,1.0
285,https://francebourse.com/news_EXTERNAL.fb,1.0
286,https://kchr.yugsn.ru/,1.0
287,https://kchr.yugsn.ru/news/,1.0
288,https://tv.tuoitre.vn/,0.0
289,https://all-volgograd.ru/news/,1.0
290,https://all-volgograd.ru/city/,0.0
291,https://all-volgograd.ru/news/city/,1.0
292,https://all-volgograd.ru/,0.0
293,https://all-volgograd.ru/rub/,0.0
294,https://all-volgograd.ru/news/?add=1,0.0
295,http://pda.03.fsin.su/news/,1.0
296,https://v-investor.ru/,1.0
297,https://v-investor.ru/news,1.0
298,https://krasnodar.rcfh.ru/news.html,1.0
299,https://krasnodar.rcfh.ru/all-articles.html,1.0
300,http://gvs.tula.sudrf.ru/,0.0
301,http://gvs.tula.sudrf.ru/modules.php?name=press_dep,1.0
302,http://zavolgskiy.uln.sudrf.ru/,0.0
303,http://zavolgskiy.uln.sudrf.ru/modules.php?name=press_dep,1.0
304,https://e-mfc.ru/umfc/services/,0.0
305,https://daily-tribune.com/premium/health-news/,1.0
306,https://daily-tribune.com/news/,1.0
307,https://daily-tribune.com/premium/garden-news/,1.0
308,https://daily-tribune.com/premium/travel-news/,1.0
309,https://daily-tribune.com/premium/food-news/,1.0
310,https://daily-tribune.com/premium/seniors-news/,1.0
311,https://daily-tribune.com/premium/pets-news/,1.0
312,https://daily-tribune.com/premium/home-news/,1.0
313,https://mk-kolyma.ru/news/,1.0
314,https://mk-kolyma.ru/articles/,1.0
315,https://news.studclub.poltava.ua/block/7,1.0
316,https://news.studclub.poltava.ua/excluz,1.0
317,https://news.studclub.poltava.ua/block/1,1.0
318,https://news.studclub.poltava.ua/add,0.0
319,https://news.studclub.poltava.ua/photo,1.0
320,https://news.studclub.poltava.ua/block/8,1.0
321,https://news.studclub.poltava.ua/new/sticks,1.0
322,http://old.cskp.ru/news/,1.0
323,https://news.studclub.poltava.ua/block/4,1.0
324,http://old.cskp.ru/articles/,1.0
325,https://news.studclub.poltava.ua/block/9,1.0
326,https://news.studclub.poltava.ua/block/2,1.0
327,https://ecamir.ru/press/,1.0
328,https://ecamir.ru/,0.0
329,https://tipdoma.com/,0.0
330,https://tipdoma.com/category/articles/,0.0
331,https://tipdoma.com/category/novosti/,0.0
332,https://russcpa.ru/novosti/,1.0
333,https://lelchitsy.gomel-region.by/ru/rochs-news/,0.0
334,https://nacm.org/news-nacm/subscribe.html,0.0
335,https://nacm.org/news-nacm/nacm-survey.html,0.0
336,https://nacm.org/nacm-news.html,0.0
337,https://nacm.org/enews.html,1.0
338,http://gazeta-varta.ru/news/,1.0
339,http://gazeta-varta.ru/articles/,1.0
340,https://sch1252.mskobr.ru/novosti,1.0
341,https://petropavlovsk-kamchatsky.sm.news/sport/,1.0
342,https://petropavlovsk-kamchatsky.sm.news/biz/,1.0
343,https://petropavlovsk-kamchatsky.sm.news/analitika/,1.0
344,https://petropavlovsk-kamchatsky.sm.news/health/,1.0
345,https://petropavlovsk-kamchatsky.sm.news/rossiya/,1.0
346,https://petropavlovsk-kamchatsky.sm.news/,1.0
347,https://petropavlovsk-kamchatsky.sm.news/proisshestviya/,1.0
348,https://vanguardia.com/,1.0
349,https://pda.14.fsin.gov.ru/news/,1.0
350,https://pvlida.by/index.php/news/vse-novosti,1.0
351,https://pvlida.by/index.php/news,1.0
352,https://pvlida.by/index.php/novosti-kompanij,1.0
353,https://onduline.ru/,0.0
354,https://onduline.ru/blog/,1.0
355,https://onduline.ru/mounting/,0.0
356,http://rofss.spb.ru/news,1.0
357,http://rofss.spb.ru/,1.0
358,http://rofss.spb.ru/for-insurers,0.0
359,http://rofss.spb.ru/for-citizens,0.0
360,http://nvrsk.com/forum/biz/,0.0
361,http://nvrsk.com/forum/woman/,0.0
362,http://nvrsk.com/forum/home/,0.0
363,http://nvrsk.com/ads/remont-i-stroitelstvo/,0.0
364,http://nvrsk.com/ads/uslugi/,0.0
365,https://git25.rostrud.ru/news/,1.0
366,https://gym1567.mskobr.ru/novosti,1.0
367,https://don.admtyumen.ru/OIGV/doin/news.htm,1.0
368,https://don.admtyumen.ru/OIGV/doin/news/news.htm,1.0
369,https://don.admtyumen.ru/OIGV/doin/news/media.htm,0.0
370,https://sprt.tatar/news,1.0
371,https://sprt.tatar/articles/1,0.0
372,https://sprt.tatar/articles/3,0.0
373,https://sprt.tatar/articles/4,0.0
374,https://sprt.tatar/articles/5,0.0
375,https://sprt.tatar/articles/9,0.0
376,http://dmitrovsk-orel.ru/newspage1,1.0
377,https://kazakhfilmstudios.kz/,0.0
378,https://kazakhfilmstudios.kz/movies/,0.0
379,https://kazakhfilmstudios.kz/kaz,0.0
380,https://kazakhfilmstudios.kz/en,0.0
381,https://kazakhfilmstudios.kz/press/news/,1.0
382,https://ekover.ru/news/,1.0
383,https://asculap.ru/articles/,0.0
384,https://asculap.ru/news/srok_vypolneniya_analizov/,0.0
385,https://asculap.ru/news/,1.0
386,https://FEDPRESS.RU/,1.0
387,https://FEDPRESS.RU/news/russia,1.0
388,http://bgcnt.ru/about/news.html,1.0
389,https://metrowestdailynews.com/entertainment/,1.0
390,https://metrowestdailynews.com/opinion/,1.0
391,https://metrowestdailynews.com/weather/,0.0
392,https://metrowestdailynews.com/search/,1.0
393,https://metrowestdailynews.com/business/,1.0
394,https://metrowestdailynews.com/homes,0.0
395,https://metrowestdailynews.com/news/,1.0
396,https://metrowestdailynews.com/sports/,1.0
397,https://kazsports.kz/news?cat=1,1.0
398,https://kazsports.kz/ru,1.0
399,https://kazsports.kz/tg,1.0
400,https://kazsports.kz/fb,1.0
401,https://kazsports.kz/,1.0
402,https://kazsports.kz/news,1.0
403,https://newsaktuell.ch/startup/pr-guide/,0.0
404,https://newsaktuell.ch/startup/pr-loesungen/,0.0
405,https://newsaktuell.ch/native-ads/,0.0
406,https://newsaktuell.ch/renteria/,0.0
407,https://newsaktuell.ch/en/,0.0
408,https://newsaktuell.ch/ueberuns/,0.0
409,https://newsaktuell.ch/boersen-unternehmen/,0.0
410,https://newsaktuell.ch/presseportal/,0.0
411,https://newsaktuell.ch/addons/,0.0
412,https://newsaktuell.ch/kontakt/,0.0
413,https://newsaktuell.ch/fr/,0.0
414,https://newsaktuell.ch/kmu/,0.0
415,https://newsaktuell.ch/pr-agenturen/,0.0
416,https://newsaktuell.ch/journalistenkontakte/,0.0
417,https://newsaktuell.ch/krisenkommunikation/,0.0
418,https://newsaktuell.ch/events/,0.0
419,https://newsaktuell.ch/startup/,0.0
420,https://newsaktuell.ch/medienmitteilung/,0.0
421,https://newsaktuell.ch/support/,0.0
422,https://newsaktuell.ch/,0.0
423,https://newsaktuell.ch/kontakt/?lead=nach_demo-anfrage,0.0
424,https://newsaktuell.ch/ots/,0.0
425,https://newsaktuell.ch/jobs/,0.0
426,https://newsaktuell.ch/jobs/vorteile/,0.0
427,https://newsaktuell.ch/renteria/akkreditierung/,0.0
428,https://newsaktuell.ch/dpa/,0.0
429,https://oren.sledcom.ru/news,1.0
430,https://oren.sledcom.ru/news?type=corrupt,1.0
431,https://oren.sledcom.ru/news/rss/,0.0
432,http://museum.kr.uz/news/,1.0
433,http://museum.kr.uz/news/construction/,0.0
434,http://e-nizhnekamsk.ru/uprava/,0.0
435,http://e-nizhnekamsk.ru/uprava/structure,0.0
436,http://e-nizhnekamsk.ru/uprava/structure/,0.0
437,http://e-nizhnekamsk.ru/press/news/,0.0
438,http://e-nizhnekamsk.ru/raion/,0.0
439,http://e-nizhnekamsk.ru/news/,1.0
440,http://e-nizhnekamsk.ru/,1.0
441,http://hrv-club.ru/articles.php?m=opit&type=repair,0.0
442,http://hrv-club.ru/articles.php?m=opit&type=review,0.0
443,http://hrv-club.ru/articles.php?m=opit&type=bwlists,0.0
444,http://hrv-club.ru/articles.php?m=opit,0.0
445,http://hrv-club.ru/articles.php?m=service&type=fuel,0.0
446,http://hrv-club.ru/articles.php?m=service&type=shops,0.0
447,http://hrv-club.ru/articles.php?m=service,0.0
448,http://hrv-club.ru/articles/,1.0
449,http://hrv-club.ru/articles.php?m=service&type=services,0.0
450,http://hrv-club.ru/articles.php?m=opit&type=selfdiag,0.0
451,https://cp22.ru/news/,1.0
452,https://globalufa.ru/news/cat/5,1.0
453,https://globalufa.ru/,0.0
454,https://globalufa.ru/news,1.0
455,https://globalufa.ru/firmnews,1.0
456,https://globalufa.ru/person,0.0
457,https://globalufa.ru/catalog,0.0
458,https://globalufa.ru/vacancy,0.0
459,https://globalufa.ru/news/cat/7,1.0
460,http://izhevsk-news.net/other,1.0
461,http://izhevsk-news.net/video,0.0
462,http://izhevsk-news.net/politics,1.0
463,http://izhevsk-news.net/economy,1.0
464,http://izhevsk-news.net/society,1.0
465,http://izhevsk-news.net/sport,1.0
466,http://izhevsk-news.net/incident,1.0
467,http://izhevsk-news.net/culture,1.0
468,https://avtogaz.tomsk.ru/about-company/news/,1.0
469,http://odesskoe-plamy.ru/news2/news2,0.0
470,http://odesskoe-plamy.ru/news2/news2/read/url/Desant,0.0
471,http://odesskoe-plamy.ru/news2/news2/archive,0.0
472,http://odesskoe-plamy.ru/news/news/archive,1.0
473,http://shhyolkovo.ru/news/,1.0
474,http://shhyolkovo.ru/news/voprosy-elektrosnabzheniya/,0.0
475,http://shhyolkovo.ru/shchelkovskiy-rayon/kontraktnaya-sluzhba/novosti/,0.0
476,http://shhyolkovo.ru/news/shchyelkovskoe-radio/,0.0
477,http://shhyolkovo.ru/obrazovanie/novosti-obrazovaniya/,0.0
478,http://shhyolkovo.ru/news/eto-ne-igrushki/,0.0
479,http://shhyolkovo.ru/news/meropriyatiya-i-sobytiya/,0.0
480,http://shhyolkovo.ru/news/dvizhemsya-vperyed/,0.0
481,http://shhyolkovo.ru/news/gazovoe-turne/,0.0
482,http://shhyolkovo.ru/news/briks/,0.0
483,http://shhyolkovo.ru/news/den-goroda-shchyelkovo/,0.0
484,http://shhyolkovo.ru/news/peremenyvshchyelkovo/,0.0
485,http://shhyolkovo.ru/news/gosadmtekhnadzor-soobshchaet/,0.0
486,http://shhyolkovo.ru/news/ministerstvo-energetiki-informiruet/,0.0
487,http://shhyolkovo.ru/news,1.0
488,http://shhyolkovo.ru/news/razreshenie-na-polyet/,0.0
489,https://informio.ru/news,1.0
490,http://pinin.ru/news.php,0.0
491,http://pinin.ru/news/,1.0
492,http://verhneeluzansk.gorodishe.pnzreg.ru/,1.0
493,http://verhneeluzansk.gorodishe.pnzreg.ru/news/kultura,1.0
494,http://verhneeluzansk.gorodishe.pnzreg.ru/news/zhkkh,1.0
495,http://verhneeluzansk.gorodishe.pnzreg.ru/news/obrazovanie,1.0
496,http://verhneeluzansk.gorodishe.pnzreg.ru/news/obshchestvo/,1.0
497,http://verhneeluzansk.gorodishe.pnzreg.ru/news/ekonomika/,1.0
498,http://verhneeluzansk.gorodishe.pnzreg.ru/news/,1.0
499,https://diepresse.com/newsletter,0.0
500,http://eka.alloy.ru/news/,1.0
501,http://msk-news.net/society,1.0
502,http://msk-news.net/incident,1.0
503,http://msk-news.net/culture,1.0
504,http://msk-news.net/other,1.0
505,http://msk-news.net/video,1.0
506,http://msk-news.net/politics,1.0
507,http://msk-news.net/economy,1.0
508,http://msk-news.net/sport,1.0
509,https://ukstandart.ru/,0.0
510,https://ukstandart.ru/news/,1.0
511,https://ukstandart.ru/house/,0.0
512,https://ukstandart.ru/house-archive/,0.0
513,http://sve.ssrf.ru/news/mieropriiatiia,1.0
514,http://sve.ssrf.ru/news/initsiativy,1.0
515,http://sve.ssrf.ru/news/publikatsii,1.0
516,http://sve.ssrf.ru/news/naghrady-i-pozdravlieniia,1.0
517,http://sve.ssrf.ru/dokumienty/postanovlieniia,0.0
518,http://sve.ssrf.ru/,0.0
519,http://sve.ssrf.ru/news,1.0
520,http://sve.ssrf.ru/news/lienta-novostiei,1.0
521,http://alrf-tomsk.ru/news/,1.0
522,https://chemanager-online.com/news/ihre-herausforderungen,0.0
523,https://chemanager-online.com/news/whitepaper,1.0
524,https://chemanager-online.com/news,1.0
525,https://chemanager-online.com/news/forschung-innovation,1.0
526,https://chemanager-online.com/news/maerkte-unternehmen,1.0
527,https://chemanager-online.com/news/personal-karriere,1.0
528,https://chemanager-online.com/news/standorte-services,1.0
529,https://chemanager-online.com/news/news,1.0
530,https://chemanager-online.com/,1.0
531,https://chemanager-online.com/en,1.0
532,https://chemanager-online.com/news/anlagenbau-prozesstechnik,1.0
533,https://chemanager-online.com/news/strategie-management,1.0
534,https://chemanager-online.com/produkte,1.0
535,https://liverpoolfc.com/news/media-watch,1.0
536,https://liverpoolfc.com/news,1.0
537,https://trreg.ru/news,1.0
538,https://fr.tixuz.com/immeubles/maisons-dans-vente/nord,0.0
539,https://fr.tixuz.com/,0.0
540,https://fr.tixuz.com/véhicules,0.0
541,https://fr.tixuz.com/emplois,0.0
542,https://fr.tixuz.com/immeubles/appartements-dans-vente/var,0.0
543,https://fr.tixuz.com/immeubles/appartements-dans-vente/hérault,0.0
544,https://sport.sm.news/,1.0
545,https://sport.sm.news/sport/,1.0
546,https://networknewswire.com/solutions/social-media-solutions/,0.0
547,https://networknewswire.com/solutions/press-release-enhancement/,0.0
548,https://networknewswire.com/newsroom,1.0
549,https://networknewswire.com/about/,0.0
550,https://networknewswire.com/disclaimer,0.0
551,https://networknewswire.com/newsroom/newsroom-articles/,1.0
552,https://networknewswire.com/solutions/syndicated-communications/,0.0
553,https://networknewswire.com/solutions/corporate-communications/,0.0
554,https://networknewswire.com/,0.0
555,https://networknewswire.com/disclaimer/,0.0
556,https://networknewswire.com/solutions/brand-awareness/,0.0
557,"https://credit-center.ru/
/news/",1.0
558,https://credit-center.ru/vse-novosti/,1.0
559,https://credit-center.ru/feedback/,0.0
560,https://credit-center.ru/news/,1.0
561,https://akado.ru/about/news/,0.0
562,https://akado.ru/about/news/rss-news/,0.0
563,https://akado.ru/about/news/line.php,1.0
564,https://akado.ru/about/news/archive/,0.0
565,https://akado.ru/about/news/networking/,1.0
566,https://vologda.sm.news/,1.0
567,https://vologda.sm.news/analitika/,1.0
568,https://vologda.sm.news/obshhestvo/,1.0
569,https://vologda.sm.news/rossiya/,1.0
570,https://vologda.sm.news/proisshestviya/,1.0
571,http://gorodlesnoy.ru/about/info/news/,1.0
572,http://gorodlesnoy.ru/regulatory/grad/novosti.php,1.0
573,http://demsky.bkr.sudrf.ru/,0.0
574,http://demsky.bkr.sudrf.ru/modules.php?name=press_dep,1.0
575,https://sch1359uv.mskobr.ru/novosti,1.0
576,https://rosteck.ru/news/,1.0
577,https://am730.com.hk/latest_news,1.0
578,https://am730.com.hk/news/新聞,1.0
579,https://am730.com.hk/news/財經,1.0
580,https://am730.com.hk/news/體育,1.0
581,https://am730.com.hk/news/娛樂,1.0
582,https://am730.com.hk/news/Lifestyle,1.0
583,https://motogp.motorionline.com/live/,1.0
584,https://motogp.motorionline.com/live,1.0
585,https://predsedatel-apk.ru/lenta-novostey/,1.0
586,https://norilsk-online.ru/category/novosti/,1.0
587,https://telesport.telegram.hr/kolumne/,1.0
588,https://telesport.telegram.hr/kolumne/drop-shot/,1.0
589,https://telesport.telegram.hr/kolumne/gol-u-gostima/,1.0
590,https://telesport.telegram.hr/kolumne/juris/,1.0
591,https://telesport.telegram.hr/kolumne/laboratorij/,1.0
592,https://telesport.telegram.hr/kolumne/na-posudbi/,1.0
593,https://telesport.telegram.hr/kolumne/nogomet-narodu/,1.0
594,https://telesport.telegram.hr/kolumne/teorija-ravne-lopte/,1.0
595,https://telesport.telegram.hr/kolumne/price-iz-davnine/,1.0
596,https://telesport.telegram.hr/kolumne/punchlines/,1.0
597,https://telesport.telegram.hr/kolumne/topnicki-dnevnici/,1.0
598,http://viluchinsky.kam.sudrf.ru/,0.0
599,http://viluchinsky.kam.sudrf.ru/modules.php?name=press_dep,1.0
600,http://viluchinsky.kam.sudrf.ru/modules.php?name=rsnews&op=news_archive,1.0
601,https://sinagoga.jeps.ru/,0.0
602,https://sinagoga.jeps.ru/iudaizm/pervoistochniki/,0.0
603,https://sinagoga.jeps.ru/novosti/,1.0
604,https://doctis.ru/onlajn-konsultaciya/,0.0
605,https://tkenergia.ru/,0.0
606,http://invest.tatarstan.ru/,0.0
607,http://invest.tatarstan.ru/advantages/,0.0
608,http://invest.tatarstan.ru/news/,1.0
609,https://reklama-crimea.com/articles/offer,0.0
610,https://reklama-crimea.com/articles/faq,0.0
611,https://reklama-crimea.com/articles/advt_rules,0.0
612,https://reklama-crimea.com/articles/user_agreement,0.0
613,https://reklama-crimea.com/useful_articles,0.0
614,https://reklama-crimea.com/articles/top_advts,0.0
615,http://stepinf.ru/news.php,1.0
616,http://oaobhm.ru/news/,0.0
617,http://oaobhm.ru/news,0.0
618,https://auburn-reporter.com/news/,1.0
619,https://news.d.umn.edu/campus-and-community,1.0
620,https://news.d.umn.edu/umdproud,1.0
621,https://news.d.umn.edu/articles/pharmacy-news-september,0.0
622,https://news.d.umn.edu/recreation-and-athletics,1.0
623,https://news.d.umn.edu/all-news,1.0
624,https://news.d.umn.edu/,0.0
625,https://news.d.umn.edu/recognition-and-awards,1.0
626,https://news.d.umn.edu/articles/bio-binder-patents,0.0
627,https://news.d.umn.edu/research-and-academics,1.0
628,https://news.d.umn.edu/tags/news-release ,1.0
629,https://eurasia-nissan.com/about/nissan-news/,0.0
630,https://eurasia-nissan.com/about/dealer-news/,0.0
631,https://jcbskl.ru/,0.0
632,https://jcbskl.ru/news/,1.0
633,https://jcbskl.ru/news/stories/s-dnem-rossii/,0.0
634,https://jcbskl.ru/news/special-offers/,0.0
635,https://metrowestdailynews.com/section/cars,1.0
636,https://metrowestdailynews.com/jobs,0.0
637,https://metrowestdailynews.com/,1.0
638,https://metrowestdailynews.com/lifestyle/,1.0
639,http://oblsud.orl.sudrf.ru/,1.0
640,http://oblsud.orl.sudrf.ru/modules.php?name=press_dep,1.0
641,http://oblsud.orl.sudrf.ru/modules.php?name=information,0.0
642,http://oblsud.orl.sudrf.ru/modules.php?name=rsnews&op=news_archive,1.0
643,https://sapland.ru/,0.0
644,https://sapland.ru/p-events/news/,1.0
645,https://sapland.ru/p-events/news,1.0
646,http://antriebspraxis.de/newsletter.html,0.0
647,https://vesma.today/article/,0.0
648,https://vesma.today/discount/,0.0
649,https://vesma.today/send-news,0.0
650,https://vesma.today/news/?tag[0]=%D0%9C%D0%B0%D0%B3%D0%B0%D0%B4%D0%B0%D0%BD,1.0
651,https://vesma.today/news/,1.0
652,https://vesma.today/,0.0
653,https://vesma.today/news/?tag[0]=%D0%9D%D0%B0%D0%B2%D0%B0%D0%BB%D1%8C%D0%BD%D1%8B%D0%B9,1.0
654,https://vesma.today/news/?tag[0]=%D1%8D%D0%BA%D0%BE%D0%BD%D0%BE%D0%BC%D0%B8%D0%BA%D0%B0,1.0
655,https://vesma.today/news/?tag[0]=%7Bf,1.0
656,http://kovilkino13.ru/novosti.html,1.0
657,http://volcomsys.ru/news,1.0
658,https://bills.ru/members/,0.0
659,https://bills.ru/market/,0.0
660,https://bills.ru/news/com/,1.0
661,https://bills.ru/news/,1.0
662,https://olenegorsk.gov-murman.ru/about/info/news/,1.0
663,https://olenegorsk.gov-murman.ru/UGH/novosti_UGH/,1.0
664,https://olenegorsk.gov-murman.ru/officially/fr_news/,1.0
665,https://novate.ru/,1.0
666,https://novate.ru/blogs/,1.0
667,https://novate.ru/news/,1.0
668,https://igrolevel.ru/,0.0
669,http://uglegorskiy.sah.sudrf.ru/modules.php?name=rsnews&op=news_archive,1.0
670,http://uglegorskiy.sah.sudrf.ru/,1.0
671,http://uglegorskiy.sah.sudrf.ru/modules.php?name=press_dep,1.0
672,https://miem.hse.ru/news,1.0
673,https://miem.hse.ru/news/science/,1.0
674,https://miem.hse.ru/news/tags/inv/,1.0
675,https://miem.hse.ru/news/life/,1.0
676,https://miem.hse.ru/news/announcements,1.0
677,https://miem.hse.ru/news/news1/,1.0
678,https://miem.hse.ru/news/tags/stud/,1.0
679,https://miem.hse.ru/news/tags/prof/,1.0
680,https://miem.hse.ru/news/tags/official/,1.0
681,https://miem.hse.ru/news/announcements/,1.0
682,http://lenta.lviv.ua/economy,1.0
683,http://lenta.lviv.ua/society,1.0
684,http://lenta.lviv.ua/sport,1.0
685,http://lenta.lviv.ua/incident,1.0
686,http://lenta.lviv.ua/culture,1.0
687,http://lenta.lviv.ua/video,1.0
688,http://lenta.lviv.ua/other,1.0
689,http://lenta.lviv.ua/politics,1.0
690,https://lipetsky.ru/articles,0.0
691,https://lipetsky.ru/articles/stati/lipetsky-ru/lipetsky/baigora,0.0
692,https://lipetsky.ru/articles/stati/biznes-idei,0.0
693,https://lipetsky.ru/articles/stati/tehnicheskie-nauki/dissertacii,0.0
694,https://lipetsky.ru/news,1.0
695,https://lipetsky.ru/articles/stati/lipetsky-ru/lipetsky/s-savickoe,0.0
696,https://lipetsky.ru/articles/stati/priroda,0.0
697,https://lipetsky.ru/articles/stati/religii-i-konfessii/konfucianstvo,0.0
698,https://lipetsky.ru/articles/stati/lipetsky-ru/lipetsky/hvorostjanka,0.0
699,https://lipetsky.ru/articles/knigi/istorija/orel-orel-city,0.0
700,https://lipetsky.ru/articles/knigi/voennye/https-//lipetsky-ru/articles/knigi/voennye,0.0
701,https://lipetsky.ru/articles/knigi/istorija/rossija,0.0
702,https://lipetsky.ru/articles/knigi/istorija/rossija/staroobrjadchesvto,0.0
703,https://lipetsky.ru/articles/stati/internet/moshennichestvo,0.0
704,https://lipetsky.ru/articles/stati/lipetsky-ru/lipetsky/s-poddubrovka,0.0
705,https://lipetsky.ru/articles/stati/filosofija,0.0
706,https://lipetsky.ru/articles/stati/lipeckii,0.0
707,https://lipetsky.ru/news/onf-za-rossiyu/istorija,0.0
708,https://lipetsky.ru/news/novosti-lipecka,0.0
709,https://lipetsky.ru/articles/knigi/hudozhestvennaja-literatura/usman,0.0
710,https://lipetsky.ru/articles/stati/lipeckii/redakcii-i-smi,0.0
711,https://lipetsky.ru/articles/knigi/istorija/http-//lipetsky-ru/articles/knigi/istorija,0.0
712,https://lipetsky.ru/articles/stati/lipetsky-ru/lipetsky/s-telelyui,0.0
713,https://lipetsky.ru/news/vse-novosti-saita/obschestvo,0.0
714,https://lipetsky.ru/news/vse-novosti-saita/inosmi,0.0
715,https://lipetsky.ru/articles/knigi/istorija/tambov,0.0
716,https://lipetsky.ru/articles/knigi/istorija/usman/http-//lipetsky-ru/articles/knigi/istorija/usman,0.0
717,https://lipetsky.ru/articles/knigi/avto-i-moto,0.0
718,https://lipetsky.ru/articles/stati/lipetsky-ru/lipetsky/selo-borovoe,0.0
719,https://lipetsky.ru/articles/stati/lipetsky-ru/lebedjanskii-krai,0.0
720,https://lipetsky.ru/articles/knigi/istorija/rossija/drevnjaja-istorija-rusi,0.0
721,https://lipetsky.ru/articles/knigi/istorija/rjazan,0.0
722,https://lipetsky.ru/articles/stati/internet,0.0
723,https://lipetsky.ru/articles/stati/lipetsky-ru/lipetsky/s-olgovka,0.0
724,https://lipetsky.ru/articles/stati/lipetsky-ru/lipetsky/s-bogorodickoe,0.0
725,https://lipetsky.ru/articles/knigi/istorija/rossija/kazachestvo,0.0
726,https://lipetsky.ru/articles/knigi/istorija/tula-tula-city,0.0
727,https://lipetsky.ru/articles/stati/lipetsky-ru/finljandija,0.0
728,https://lipetsky.ru/articles/stati/finansy-i-biznes,0.0
729,https://lipetsky.ru/articles/stati/lipetsky-ru/lipetsky/lipetsky-ru,0.0
730,https://lipetsky.ru/articles/stati/lipetsky-ru/lipetsky/s-nelzha,0.0
731,https://lipetsky.ru/articles/stati/lipetsky-ru/lipetsky/s-dvurechki,0.0
732,https://lipetsky.ru/articles/stati/lipetsky-ru/dankovskii-krai,0.0
733,https://lipetsky.ru/news/ekonomika-i-finansy/nedvizhimost,0.0
734,https://lipetsky.ru/news/novosti-lipecka/nlmk,0.0
735,https://lipetsky.ru/articles/knigi/istorija/moskva-moscow,0.0
736,https://lipetsky.ru/articles/stati/lipetsky-ru/lipetsky/lipetsky-ru/genealogija,0.0
737,https://lipetsky.ru/news/znakomstva,0.0
738,https://lipetsky.ru/articles/stati/religii-i-konfessii/hlysty,0.0
739,https://lipetsky.ru/articles/stati/tehnicheskie-nauki/ktn,0.0
740,https://lipetsky.ru/articles/stati/http-//lipetsky-ru/articles/stati,0.0
741,https://lipetsky.ru/articles/knigi/hudozhestvennaja-literatura/voronezh,0.0
742,https://lipetsky.ru/articles/stati/lipetsky-ru/lipetsky/s-demshino,0.0
743,https://lipetsky.ru/articles/stati/lipetsky-ru/rossija/istorija-fotografii,0.0
744,https://lipetsky.ru/articles/stati/tehnicheskie-nauki,0.0
745,https://lipetsky.ru/news/transport,0.0
746,https://lipetsky.ru/articles/knigi/blagoustroistvo-dom,0.0
747,https://lipetsky.ru/articles/stati/lipetsky-ru/rossija,0.0
748,https://lipetsky.ru/articles/stati/lipetsky-ru/grjazinskii-krai,0.0
749,https://lipetsky.ru/articles/stati/internet/moshennichestvo/internet-razvod,0.0
750,https://lipetsky.ru/articles/stati/astrologija,0.0
751,https://lipetsky.ru/articles/knigi,0.0
752,https://lipetsky.ru/articles/stati/lipetsky-ru/lipeckii-krai,0.0
753,https://lipetsky.ru/articles/stati/lipetsky-ru/eleckii-krai,0.0
754,https://lipetsky.ru/news/onf-za-rossiyu/onf,0.0
755,https://lipetsky.ru/news/onf-za-rossiyu/onf/mediaforumy,0.0
756,https://lipetsky.ru/articles/knigi/istorija/byliny,0.0
757,https://lipetsky.ru/articles/knigi/voennye,0.0
758,https://lipetsky.ru/articles/stati/lipetsky-ru/lipetsky/g-usman,0.0
759,https://lipetsky.ru/articles/knigi/hudozhestvennaja-literatura,0.0
760,https://lipetsky.ru/articles/stati,0.0
761,https://lipetsky.ru/articles/stati/lipetsky-ru/sssr,0.0
762,https://lipetsky.ru/news/it-industrija-svjaz,0.0
763,https://lipetsky.ru/news/vse-novosti-saita/glavnoe,0.0
764,https://lipetsky.ru/articles/knigi/istorija/rossija/noveishaja-istorija-rossii,0.0
765,https://lipetsky.ru/articles/stati/lipetsky-ru/lipetsky,0.0
766,https://lipetsky.ru/articles/stati/yurisprudencija,0.0
767,https://lipetsky.ru/news/vse-novosti-saita/ekonomika,0.0
768,https://lipetsky.ru/news/onf-za-rossiyu/blagotvoritelstvo,0.0
769,https://lipetsky.ru/articles/stati/lipetsky-ru,0.0
770,https://lipetsky.ru/articles/stati/filosofija/vedy,0.0
771,https://lipetsky.ru/articles/knigi/istorija,0.0
772,https://lipetsky.ru/articles/stati/lipetsky-ru/dobrinskii-krai,0.0
773,https://lipetsky.ru/articles/stati/lipetsky-ru/drevnost,0.0
774,https://lipetsky.ru/articles/stati/filosofija/https-//northernfable-ru,0.0
775,https://lipetsky.ru/news/novosti-lipecka/religija-konfessii,0.0
776,https://lipetsky.ru/articles/stati/internet/http-//lipetsky-ru/articles/stati/internet,0.0
777,https://lipetsky.ru/articles/stati/lipetsky-ru/lipetsky/selo-borovoe/genealogija,0.0
778,https://lipetsky.ru/articles/knigi/istorija/usman,0.0
779,https://lipetsky.ru/articles/knigi/istorija/izrail,0.0
780,https://lipetsky.ru/articles/stati/lipetsky-ru/lipetsky-ru,0.0
781,https://lipetsky.ru/,0.0
782,https://lipetsky.ru/articles/stati/lipetsky-ru/lipetsky/selo-mazeika,0.0
783,https://lipetsky.ru/articles/stati/tehnicheskie-nauki/avtoreferaty,0.0
784,https://lipetsky.ru/articles/knigi/istorija/ural-ural,0.0
785,https://lipetsky.ru/articles/stati/religii-i-konfessii,0.0
786,https://lipetsky.ru/news/ekonomika-i-finansy,0.0
787,https://lipetsky.ru/articles/stati/lipetsky-ru/lipetsky/s-demshinka,0.0
788,https://lipetsky.ru/articles/stati/lipetsky-ru/hlevenskii-krai,0.0
789,https://lipetsky.ru/articles/stati/lipetsky-ru/rossija/nep,0.0
790,https://lipetsky.ru/news/vse-novosti-saita/politika,0.0
791,https://lipetsky.ru/articles/knigi/istorija/voronezh,0.0
792,https://lipetsky.ru/articles/stati/biznes-idei/kosmecevtika,0.0
793,https://lipetsky.ru/articles/knigi/istorija/rossija/belogorodskaja-cherta,0.0
794,https://lipetsky.ru/articles/stati/lipetsky-ru/zadonskii-krai,0.0
795,https://lipetsky.ru/news/lipeckii-obzor,0.0
796,https://lipetsky.ru/articles/knigi/voennye/suvorov-a-v,0.0
797,https://lipetsky.ru/articles/stati/internet/lipetsky-ru,0.0
798,https://lipetsky.ru/articles/stati/lipetsky-ru/voronezhskii-krai,0.0
799,https://magadan.kp.ru/,1.0
800,https://gorodishe.pnzreg.ru/news/sport/,1.0
801,https://gorodishe.pnzreg.ru/news/stroitelstvo/,1.0
802,https://gorodishe.pnzreg.ru/news/kdn,1.0
803,https://gorodishe.pnzreg.ru/news/profilaktika-koronavirusa,1.0
804,https://gorodishe.pnzreg.ru/,1.0
805,https://gorodishe.pnzreg.ru/news/society/,1.0
806,https://gorodishe.pnzreg.ru/news/social-sphere/,1.0
807,https://gorodishe.pnzreg.ru/news/selskoe-khozyaystvo/,1.0
808,https://gorodishe.pnzreg.ru/news/predprinimatelstvo-,1.0
809,https://gorodishe.pnzreg.ru/news/protiv-korruptsii-,1.0
810,https://gorodishe.pnzreg.ru/news/tik,1.0
811,https://gorodishe.pnzreg.ru/news/,1.0
812,https://gorodishe.pnzreg.ru/news/health-care/,1.0
813,https://gorodishe.pnzreg.ru/news/profilaktika-pravonarusheniy,1.0
814,https://gorodishe.pnzreg.ru/news/okhrana-truda/,1.0
815,https://gorodishe.pnzreg.ru/news/byudzhet/,1.0
816,https://gorodishe.pnzreg.ru/news/culture/,1.0
817,https://gorodishe.pnzreg.ru/news/education/,1.0
818,https://gorodishe.pnzreg.ru/news/zhkkh/,1.0
819,https://gorodishe.pnzreg.ru/news/ekonomika/,1.0
820,https://gorodishe.pnzreg.ru/news/molodezhnaya-politika/,1.0
821,https://gorodishe.pnzreg.ru/news/go-i-chs/,1.0
822,https://gorodishe.pnzreg.ru/news/ot-pervogo-litsa/,1.0
823,https://gorodishe.pnzreg.ru/news/potrebitelskiy-rynok-,1.0
824,https://gorodishe.pnzreg.ru/virtual-reception/phonebook/,0.0
825,https://pjmedia.com/spengler,1.0
826,https://pjmedia.com/vodkapundit,1.0
827,https://pjmedia.com/,1.0
828,https://pjmedia.com/news-and-politics/,1.0
829,https://pjmedia.com/newsletters,0.0
830,https://pjmedia.com/newsletters/,0.0
831,https://pjmedia.com/news-and-politics,1.0
832,https://messe.unipack.ru/publication/news/,1.0
833,https://33.rodina.news//vesti.news,0.0
834,https://33.rodina.news//il.vesti.news,0.0
835,https://33.rodina.news//www.facebook.com/news.fair.ru,0.0
836,https://33.rodina.news//twitter.com/fair_ru,0.0
837,https://33.rodina.news/obstcestvo/,1.0
838,https://33.rodina.news/ekonomika/,1.0
839,https://33.rodina.news/finansy-/,1.0
840,https://33.rodina.news/feedback/,0.0
841,https://33.rodina.news/umer-na-pozhare/,0.0
842,https://33.rodina.news/programmy/,1.0
843,https://33.rodina.news/koronavirus-vladimirskaya-oblast/,1.0
844,https://33.rodina.news/ubila-za-pyanstvo/,0.0
845,https://33.rodina.news/about.htm,0.0
846,https://33.rodina.news/source/,0.0
847,https://33.rodina.news/sobytiya/,1.0
848,https://33.rodina.news/politika/,1.0
849,https://33.rodina.news/zhizn/,1.0
850,https://33.rodina.news/chetvertaya-rubrika/,1.0
851,https://33.rodina.news/ubiistvo-sobutylnika/,0.0
852,https://33.rodina.news/chs/,1.0
853,https://33.rodina.news/kultura/,1.0
854,https://33.rodina.news/login/,0.0
855,https://33.rodina.news/aleksandr-avdeev/,0.0
856,https://33.rodina.news/umvd/,1.0
857,https://33.rodina.news/novosti/,1.0
858,https://33.rodina.news/tushenie/,1.0
859,https://33.rodina.news/sport/,1.0
860,https://33.rodina.news/topic/,0.0
861,https://33.rodina.news/main/,0.0
862,https://33.rodina.news/persona/,1.0
863,https://33.rodina.news/katalog/,0.0
864,https://33.rodina.news/ekstsessy/,1.0
865,https://33.rodina.news/,1.0
866,https://33.rodina.news//sopta.ru,0.0
867,https://33.rodina.news/transport/,1.0
868,https://33.rodina.news/uvolnenie/,1.0
869,https://33.rodina.news//vk.com/fairru,0.0
870,https://33.rodina.news//rodina.news/regions/,0.0
871,https://33.rodina.news/proisshestviya/,1.0
872,https://33.rodina.news/spetsproekty/,1.0
873,https://33.rodina.news/sorevnovaniya/,1.0
874,https://33.rodina.news//rodina.news,0.0
875,https://33.rodina.news/vlast/,1.0
876,https://vologdazso.ru/events/pkactivities/,1.0
877,https://vologdazso.ru/events/mpactivities/,1.0
878,https://vologdazso.ru/feedback/,0.0
879,https://vologdazso.ru/struct/,0.0
880,https://vologdazso.ru/events/practivities/,1.0
881,https://vologdazso.ru/actions/information-material/parliamentary-news/,0.0
882,https://vologdazso.ru/pressservice/video/,0.0
883,https://vologdazso.ru/pressservice/news/,1.0
884,https://vologdazso.ru/struct/deput/,0.0
885,https://vologdazso.ru/events/sfactivities/,1.0
886,https://vologdazso.ru/interaction/paszr/,0.0
887,https://vologdazso.ru/pressservice/pressa/,1.0
888,https://vologdazso.ru/pressservice/foto/,0.0
889,https://vologdazso.ru/actions/,0.0
890,https://vologdazso.ru/interaction/,0.0
891,https://vologdazso.ru/events/seszso/,1.0
892,https://vologdazso.ru/actions/information-material/,0.0
893,https://vologdazso.ru/events/,1.0
894,https://vologdazso.ru/actions/documents/povkomitet/,1.0
895,http://lyondellbasell.com/en/about-us/leadership/,0.0
896,http://lyondellbasell.com/en/,0.0
897,http://lyondellbasell.com/en/products-technology/polymers/,0.0
898,http://lyondellbasell.com/en/news-events/,1.0
899,http://lyondellbasell.com/en/news-events/media-kit/,0.0
900,http://lyondellbasell.com/en/news-events/events/,0.0
901,https://bryansk.tendermedia.ru/customer,0.0
902,https://sju.edu/news,0.0
903,http://vesti.energy-journals.ru/category/novosti-zhurnala/,1.0
904,http://vesti.energy-journals.ru/category/news/,1.0
905,https://cup.rtc.ru/novosti,1.0
906,https://k-p.net.ua/forum-kamenec/,0.0
907,https://k-p.net.ua/biznes/,0.0
908,https://k-p.net.ua/fotoalbom_kamenets/,0.0
909,https://k-p.net.ua/video/,0.0
910,https://k-p.net.ua/kamyanec-turist/,0.0
911,https://k-p.net.ua/news_kamenec/,1.0
912,https://k-p.net.ua/dovidka_kamenec/,0.0
913,https://k-p.net.ua/,0.0
914,https://k-p.net.ua/ludu_kamyantca/,0.0
915,https://k-p.net.ua/istoriya_kamyantca/,0.0
916,http://viaznikovsky.wld.sudrf.ru/,1.0
917,http://viaznikovsky.wld.sudrf.ru/modules.php?name=press_dep,1.0
918,http://viaznikovsky.wld.sudrf.ru/modules.php?name=rsnews&op=news_archive,1.0
919,https://katalog-17.veskr.com.ua/,0.0
920,https://anovgorod.com/articles/electoral-precinct,0.0
921,https://cniiag.ru/news1/,1.0
922,https://cniiag.ru/news,1.0
923,http://kragorsk.ru/announcement/,0.0
924,http://kragorsk.ru/,1.0
925,http://kragorsk.ru/news/,1.0
926,https://bsa.uloop.com/,0.0
927,https://bsa.uloop.com/housing,0.0
928,https://bsa.uloop.com/tutors,0.0
929,https://bsa.uloop.com/study-abroad,0.0
930,https://bsa.uloop.com/online-courses,0.0
931,http://manturovsky.krs.sudrf.ru/,0.0
932,http://manturovsky.krs.sudrf.ru/modules.php?name=press_dep,1.0
933,https://main-echo.de/anzeigen/rat-hilfe/,0.0
934,https://main-echo.de/unser-echo/,0.0
935,https://main-echo.de/dossiers/,0.0
936,https://main-echo.de/sonderthemen,0.0
937,https://main-echo.de/newsradar,0.0
938,https://main-echo.de/angebote/bestellen/news-flat/,0.0
939,https://main-echo.de/,0.0
940,https://main-echo.de/mediathek/fotoserien/,0.0
941,https://edu54.ru/,1.0
942,https://edu54.ru/community/,0.0
943,https://edu54.ru/video/,0.0
944,https://edu54.ru/resources/,0.0
945,https://edu54.ru/foto/,0.0
946,https://edu54.ru/fresh/,0.0
947,https://edu54.ru/news/,1.0
948,https://global72.ru/person,0.0
949,https://global72.ru/catalog,0.0
950,https://global72.ru/vacancy,0.0
951,https://global72.ru/resume,0.0
952,https://global72.ru/news/cat/7,1.0
953,https://global72.ru/,1.0
954,https://global72.ru/news,1.0
955,https://global72.ru/firmnews,1.0
956,https://md.mir24.tv/news/incidentes.html,1.0
957,https://md.mir24.tv/news/sport.html,1.0
958,https://md.mir24.tv/news/politics.html,1.0
959,https://md.mir24.tv/news/video.html,1.0
960,https://md.mir24.tv/allnews.html,1.0
961,https://md.mir24.tv/news/society.html,1.0
962,https://md.mir24.tv/news/culture.html,1.0
963,https://md.mir24.tv/news/economy.html,1.0
964,https://md.mir24.tv/news/celebrities.html,1.0
965,https://inhp.ru/catalog/patent,0.0
966,https://inhp.ru/catalog/publication,0.0
967,https://inhp.ru/catalog/news,1.0
968,https://inhp.ru/,0.0
969,https://inhp.ru/catalog/tech,0.0
970,https://inhp.ru/catalog/equipment,0.0
971,https://bagira.guru/novosti.html,0.0
972,https://amrshadr.ru/news/,1.0
973,https://amrshadr.ru/news.rss,0.0
974,http://67.fsin.su/news/strukturnye-podrazdeleniya.php?clear_cache=Y,0.0
975,http://67.fsin.su/news/beresh-vzyatku.php?clear_cache=Y,0.0
976,https://kld.sledcom.ru/news/rss/,0.0
977,https://kld.sledcom.ru/news,1.0
978,https://kld.sledcom.ru/news?type=corrupt,1.0
979,https://yuzhno-sakhalinsk.sm.news/,1.0
980,https://yuzhno-sakhalinsk.sm.news/interviews/,1.0
981,https://yuzhno-sakhalinsk.sm.news/analitika/,1.0
982,https://yuzhno-sakhalinsk.sm.news/obshhestvo/,1.0
983,https://rostov-na-donu.binagroup.ru/katalog/,0.0
984,https://rostov-na-donu.binagroup.ru/katalog/sikkativy/,0.0
985,https://rostov-na-donu.binagroup.ru/katalog/emali/,0.0
986,https://rostov-na-donu.binagroup.ru/,0.0
987,https://rostov-na-donu.binagroup.ru/news/,1.0
988,https://rostov-na-donu.binagroup.ru/katalog/grunty/,0.0
989,https://rostov-na-donu.binagroup.ru/katalog/laki/,0.0
990,https://rostov-na-donu.binagroup.ru/katalog/plastifikatory/,0.0
991,https://benefit.by/rko/ip/,0.0
992,https://benefit.by/community/c/otzivy_o_bankah/,0.0
993,https://benefit.by/depozit/vklad/ros-rub/,0.0
994,https://benefit.by/depozit/vklad/online/,0.0
995,https://benefit.by/bankovskie_karty/raschetnye/,0.0
996,https://benefit.by/bankovskie_karty/visa-virtuon/,0.0
997,https://benefit.by/bankovskie_karty/belkart/,0.0
998,https://benefit.by/depozit/vklad/v-valute/,0.0
999,https://benefit.by/bankovskie_karty/samsung-pay/,0.0
1000,https://benefit.by/bankovskie_karty/mastercard-standard/,0.0
1001,https://benefit.by/depozit/vklad/calculate/,0.0
1002,https://benefit.by/bankovskie_karty/platejnie-kolza/,0.0
1003,https://benefit.by/kredit/potr/,0.0
1004,https://benefit.by/kredit/biznes/,0.0
1005,https://benefit.by/bankovskie_karty/unionpay/,0.0
1006,https://benefit.by/bankovskie_karty/mastercard-black/,0.0
1007,https://benefit.by/bankovskie_karty/mastercard-world/,0.0
1008,https://benefit.by/bankovskie_karty/oplata-telefonom/,0.0
1009,https://benefit.by/bankovskie_karty/mastercards/,0.0
1010,https://benefit.by/depozit/vklad/bel-rub/,0.0
1011,https://benefit.by/bankovskie_karty/visa-infinite/,0.0
1012,https://benefit.by/depozit/vklad/,0.0
1013,https://benefit.by/news/,1.0
1014,https://benefit.by/bankovskie_karty/cashback/,0.0
1015,https://benefit.by/bankovskie_karty/visa-classic/,0.0
1016,https://benefit.by/info/,0.0
1017,https://benefit.by/bankovskie_karty/visa-gold/,0.0
1018,https://benefit.by/,0.0
1019,https://benefit.by/depozit/vklad/dollary/,0.0
1020,https://benefit.by/bankovskie_karty/visa-electron/,0.0
1021,https://benefit.by/rko/,0.0
1022,https://benefit.by/bankovskie_karty/mastercard-gold/,0.0
1023,https://benefit.by/page/show/articles/,0.0
1024,https://benefit.by/bankovskie_karty/viza/,0.0
1025,https://benefit.by/depozit/vklad/evro/,0.0
1026,https://benefit.by/bankovskie_karty/rassrochki/,0.0
1027,https://benefit.by/bankovskie_karty/virtual/,0.0
1028,https://benefit.by/bankovskie_karty/visa-platinum/,0.0
1029,https://benefit.by/rko/otkryt-schet/,0.0
1030,https://ringside24.com/ru/,1.0
1031,https://ringside24.com/ru/news/,1.0
1032,https://ringside24.com/en/,1.0
1033,http://nv-lazo.27.ru/,1.0
1034,https://rodionovo-nesvetaysky.ikro.ru/news/,1.0
1035,https://rodionovo-nesvetaysky.ikro.ru/news/?tag=выборы,1.0
1036,https://rodionovo-nesvetaysky.ikro.ru/news/?tag=голосование,1.0
1037,https://rodionovo-nesvetaysky.ikro.ru/news/?tag=кандидаты,1.0
1038,https://rodionovo-nesvetaysky.ikro.ru/news/?tag=регистрация,1.0
1039,https://zemlyaki.name/,1.0
1040,https://smolensk.tendermedia.ru/customer,0.0
1041,http://energie-und-management.de/,1.0
1042,http://energie-und-management.de/firma/,0.0
1043,http://innoclusters.ru/novosti/,1.0
1044,https://prazdnikon.ru/,0.0
1045,https://prazdnikon.ru/novosti/,0.0
1046,https://prazdnikon.ru/news1,0.0
1047,https://teliacompany.com/en/investors/annual-general-meeting/,0.0
1048,https://teliacompany.com/en/,0.0
1049,https://teliacompany.com/en/about-the-company/,0.0
1050,https://teliacompany.com/en/sustainability/,0.0
1051,https://teliacompany.com/en/news/images-and-videos/,0.0
1052,https://teliacompany.com/en/news/images-and-videos/logotype/,0.0
1053,https://teliacompany.com/en/news/,1.0
1054,https://teliacompany.com/en/investors/,0.0
1055,https://teliacompany.com/en/careers/,0.0
1056,https://teliacompany.com/sv/,0.0
1057,https://ukgfa.kz/ru/news,1.0
1058,https://ukgfa.kz/ru/news/vyhodnye-na-kaskasu,0.0
1059,https://ocenka.belregion.ru/ratings/suppliers/,0.0
1060,https://autobau.ru/novosti,1.0
1061,https://neman.hockey.by/news/sobytie/,1.0
1062,https://neman.hockey.by/,1.0
1063,https://neman.hockey.by/news/,1.0
1064,https://neman.hockey.by/news/foto/,0.0
1065,https://neman.hockey.by/news/video/,0.0
1066,https://neman.hockey.by/news/intervyu/,0.0
1067,https://neman.hockey.by/news/fan-zona/,0.0
1068,https://neman.hockey.by/news/match/,0.0
1069,https://rosinfra.ru/,1.0
1070,https://rosinfra.ru/academy,0.0
1071,https://rosinfra.ru/news,1.0
1072,https://rosinfra.ru/news/type/opinions,1.0
1073,https://rosinfra.ru/news/type/announcement,1.0
1074,https://rosinfra.ru/news/slider?type=international,1.0
1075,https://rosinfra.ru/news/slider?type=portal,1.0
1076,https://rosinfra.ru/digest/documents,0.0
1077,https://rosinfra.ru/academy/,0.0
1078,https://rosinfra.ru/academy/terms,0.0
1079,https://rosinfra.ru/news/slider?type=index,1.0
1080,https://rosinfra.ru/news/slider?type=federal,1.0
1081,https://rosinfra.ru/news/slider?type=regional,1.0
1082,http://zelenodolsky.tat.sudrf.ru/,1.0
1083,http://zelenodolsky.tat.sudrf.ru/modules.php?name=press_dep,1.0
1084,http://zelenodolsky.tat.sudrf.ru/modules.php?name=rsnews&op=news_archive,1.0
1085,https://moscow.er.ru/feed/top_news/,1.0
1086,https://moscow.er.ru/activity/news,1.0
1087,https://moscow.er.ru/activity/news?type=all,1.0
1088,https://moscow.er.ru/activity/news?type=regional,1.0
1089,https://sch902.mskobr.ru/security/novosti,1.0
1090,https://sch902.mskobr.ru/med-class/novosti,1.0
1091,https://sch902.mskobr.ru/novosti,1.0
1092,https://itbestsellers.ru/news/,1.0
1093,https://eleco.com.ar/newsletter,1.0
1094,https://pointcad.ru/novosti,1.0
1095,https://cv52458.tmweb.ru/category/newsgp4/,1.0
1096,https://volnanews.online/technology/,1.0
1097,https://volnanews.online/politics/defender-crimea/,0.0
1098,https://volnanews.online/technology/arkane-omen/,0.0
1099,https://volnanews.online/world/es-germaniya-sud/,0.0
1100,https://volnanews.online/politics/,1.0
1101,https://volnanews.online/economics/,1.0
1102,https://volnanews.online/world/,1.0
1103,https://volnanews.online/coronavirus/,1.0
1104,https://volnanews.online/showbiz/buzova-guberniev-scandal/,0.0
1105,https://volnanews.online/social/kids-social-networks/,0.0
1106,https://volnanews.online/privacy-policy/,0.0
1107,https://volnanews.online/world/oon-antoniu-guterrish/,0.0
1108,https://volnanews.online/politics/expert-biden-russia/,0.0
1109,https://volnanews.online/technology/esim/,0.0
1110,https://volnanews.online/showbiz/morgenshtern/,0.0
1111,https://volnanews.online/showbiz/,1.0
1112,https://volnanews.online/social/,1.0
1113,https://volnanews.online/politics/russia-china-review/,0.0
1114,https://volnanews.online/showbiz/irina-dubczova/,0.0
1115,https://volnanews.online/social/kids-day/,0.0
1116,https://volnanews.online/coronavirus/sinopharm/,0.0
1117,https://volnanews.online/coronavirus/hantavirus/,0.0
1118,https://domodedovo.aviacareer.com/company/avia-uspeh/,0.0
1119,https://domodedovo.aviacareer.com/news/,1.0
1120,https://domodedovo.aviacareer.com/,1.0
1121,https://domodedovo.aviacareer.com/ru/,1.0
1122,https://domodedovo.aviacareer.com/employers-list/,0.0
1123,https://domodedovo.aviacareer.com/catalog/resume/,0.0
1124,https://mesmika.com/news/muzykalnye-novinki,1.0
1125,https://mesmika.com/news/novosti-radio,1.0
1126,https://mesmika.com/articles/recenzii,0.0
1127,https://mesmika.com/artists,0.0
1128,https://mesmika.com/news,1.0
1129,https://mesmika.com/news/mirovye-festivali,1.0
1130,https://mesmika.com/news/drugie-novosti,1.0
1131,https://mesmika.com/articles/english-version,1.0
1132,https://mesmika.com/articles/festivali,1.0
1133,https://mesmika.com/concerts,0.0
1134,https://mesmika.com/articles/event,0.0
1135,https://mesmika.com/articles/spektakli,0.0
1136,https://mesmika.com/,1.0
1137,https://mesmika.com/news/rossiiskie-festivali,0.0
1138,https://mesmika.com/news/novosti-mesmiki,1.0
1139,https://mesmika.com/news/novosti-artistov,1.0
1140,https://mesmika.com/news/novosti-kino,1.0
1141,https://mesmika.com/articles,1.0
1142,https://mesmika.com/articles/festconcert,0.0
1143,https://mesmika.com/articles/interview,0.0
1144,https://mesmika.com/festivals,0.0
1145,https://federalreserve.gov/newsevents/speeches.htm,1.0
1146,https://federalreserve.gov/newsevents/testimony.htm,1.0
1147,https://federalreserve.gov/newsevents/economic-disparities-work.htm,0.0
1148,https://federalreserve.gov/newsevents/calendar.htm,0.0
1149,https://federalreserve.gov/newsevents.htm,1.0
1150,https://federalreserve.gov/newsevents/pressreleases.htm,0.0
1151,http://renault-drive.ru/news,1.0
1152,https://irbistv.kz/,1.0
1153,https://irbistv.kz/obshhestvo/,1.0
1154,https://irbistv.kz/novosti/,1.0
1155,https://irbistv.kz/obshhestvo,1.0
1156,https://velopiter.spb.ru/?app=cms&module=pages&controller=page&path=news,1.0
1157,https://velopiter.spb.ru/?app=cms&module=pages&controller=page&path=shopnews,1.0
1158,https://velopiter.spb.ru/,1.0
1159,https://velopiter.spb.ru/forum/,0.0
1160,https://velopiter.spb.ru/articles/,1.0
1161,https://gorod.gov.spb.ru/content/news/,1.0
1162,https://legal-support.ru/news/,1.0
1163,http://novgorod.rostselmash.com/news,1.0
1164,http://novgorod.rostselmash.com/company/press/news,1.0
1165,https://iffoneoff.ru/lenta/hotels_responses,0.0
1166,https://iffoneoff.ru/photoalbum,0.0
1167,https://iffoneoff.ru/lenta,1.0
1168,https://iffoneoff.ru/lenta/responses,0.0
1169,https://iffoneoff.ru/lenta/blogs,0.0
1170,https://aqsi.ru/news/,1.0
1171,https://barysh.obyava.org/,1.0
1172,https://barysh.obyava.org/search/uslugi/,0.0
1173,https://barysh.obyava.org/search/rabota/,0.0
1174,https://gosjkh.ru/,1.0
1175,https://gosjkh.ru/company,1.0
1176,https://gosjkh.ru/articles,1.0
1177,https://gosjkh.ru/houses,1.0
1178,https://gosjkh.ru/company/moskovskaya-oblast,1.0
1179,https://gosjkh.ru/company/sverdlovskaya-oblast,1.0
1180,https://gosjkh.ru/articles/novosti-zhkh,1.0
1181,http://vozngazeta.ru/,1.0
1182,http://vozngazeta.ru/?topcategoryid=1,1.0
1183,http://smolensk-auto.ru/news/index_all.php,1.0
1184,https://tsskavkaz.lada.ru/news-dealer,1.0
1185,https://tsskavkaz.lada.ru/news-dealer/undefined,0.0
1186,https://motori.ilmessaggero.it/speciale_svolta_ecologica/,1.0
1187,https://motori.ilmessaggero.it/motorsport/,1.0
1188,https://motori.ilmessaggero.it/dueruote/,1.0
1189,https://motori.ilmessaggero.it/foto/,0.0
1190,https://motori.ilmessaggero.it/sicurezza/,1.0
1191,https://motori.ilmessaggero.it/video/,0.0
1192,https://motori.ilmessaggero.it/economia/,1.0
1193,https://motori.ilmessaggero.it/normative/,1.0
1194,https://motori.ilmessaggero.it/commerciali/,0.0
1195,https://motori.ilmessaggero.it/anteprime/,1.0
1196,https://motori.ilmessaggero.it/news/,1.0
1197,https://motori.ilmessaggero.it/prove/,1.0
1198,https://motori.ilmessaggero.it/,1.0
1199,https://tairtd.ru/,0.0
1200,https://tairtd.ru/shop/,0.0
1201,https://tairtd.ru/company/news/,1.0
1202,https://joblab.ru/vacancy/,0.0
1203,https://joblab.ru/city/,0.0
1204,http://ncvb.kz/site/news,1.0
1205,http://sacralis.com/bliznecovye-plamena/,0.0
1206,http://sacralis.com/science/medicina/,0.0
1207,http://sacralis.com/metaforicheskie-associativnye-karty/,0.0
1208,http://sacralis.com/science/,0.0
1209,http://sacralis.com/,0.0
1210,http://sacralis.com/divination/,0.0
1211,http://sacralis.com/mandala/,0.0
1212,http://sacralis.com/jblux/,0.0
1213,http://sacralis.com/taro/,0.0
1214,http://sacralis.com/tags/,0.0
1215,http://sacralis.com/divination/poslanie-dnya/,0.0
1216,http://sacralis.com/biblioteka/,0.0
1217,http://mozyrisp.gov.by/ru/obl-news-ru/,1.0
1218,http://mozyrisp.gov.by/ru/obl-news-ru/archive/,1.0
1219,https://catalunya.ru/news,1.0
1220,https://catalunya.ru/files/,0.0
1221,https://catalunya.ru/classifieds/,0.0
1222,https://catalunya.ru/tutorials/,0.0
1223,https://primeminister.kz/en,1.0
1224,https://primeminister.kz/kz/decisions,1.0
1225,https://primeminister.kz/kz/news/reviews,1.0
1226,https://primeminister.kz/,1.0
1227,https://primeminister.kz/kz,1.0
1228,https://primeminister.kz/ru,1.0
1229,https://primeminister.kz/kz/news/previews,1.0
1230,https://primeminister.kz/kz/news,1.0
1231,https://primeminister.kz/kz/news/interviews,1.0
1232,https://primeminister.kz/kz/news/pressa,1.0
1233,https://qub.ac.uk/home/News/Allnews/featured-research/ThirdphaseofUK-widestudyhighlightsimpactofpandemiconhealthandsocialcareworkforce.html,0.0
1234,https://qub.ac.uk/home/News/Allnews/featured-research/ClinicaltrialprovidesnewapproachforpeoplewitheyediseasetoincreaseNHScapacity.html,0.0
1235,https://qub.ac.uk/home/News/Allnews/featured-research/NewreportfindsproposedUKgovernmentamnestycannotdelivertruthforvictimsofTheTroubles.html,0.0
1236,https://qub.ac.uk/home/News/Allnews/featured-research/Smilingcanbuildrelationshipsevenaftersomeonehasbeenuntrustworthyresearchersfind.html,0.0
1237,https://qub.ac.uk/home/News/Allnews/featured-research/Newresearchfindspetdogscanpredicttheirownersepilepticseizures.html,0.0
1238,https://qub.ac.uk/home/News/Allnews/featured-research/Poorvisionstronglyassociatedwiththeriskoftrafficcollisions.html,0.0
1239,http://comcon-2.ru/news/,1.0
1240,http://comcon-2.ru/,1.0
1241,http://comcon-2.ru/novosti/,1.0
1242,http://tarifamur.ru/news/all.html,1.0
1243,https://mingjia.cngold.org//news.cngold.org,1.0
1244,https://volgann.ru/novosti,1.0
1245,http://pudozhsky.kar.sudrf.ru/,1.0
1246,http://pudozhsky.kar.sudrf.ru/modules.php?name=press_dep,1.0
1247,http://pudozhsky.kar.sudrf.ru/modules.php?name=rsnews&op=news_archive,1.0
1248,https://idexpert.ru/catalog/,0.0
1249,https://idexpert.ru/dictionary/,0.0
1250,https://idexpert.ru/search/index.php?tags=5G,1.0
1251,https://idexpert.ru/search/index.php?tags=%F0%EE%E1%EE%F2%EE%F2%E5%F5%ED%E8%EA%E0,1.0
1252,https://idexpert.ru/search/index.php?tags=RFID,1.0
1253,https://idexpert.ru/projects/,1.0
1254,https://idexpert.ru/companies/,0.0
1255,https://idexpert.ru/reviews/,1.0
1256,https://idexpert.ru/news/,1.0
1257,https://idexpert.ru/search/index.php?tags=IoT,1.0
1258,https://idexpert.ru/search/index.php?tags=IIoT,1.0
1259,https://idexpert.ru/search/index.php?tags=%EC%E0%F0%EA%E8%F0%EE%E2%EA%E0,1.0
1260,https://idexpert.ru/articles/,1.0
1261,http://gorod-asha.ru/asha,0.0
1262,http://gorod-asha.ru/sim,0.0
1263,http://gorod-asha.ru/minyar,0.0
1264,http://gorod-asha.ru/?site=novosti,1.0
1265,http://gorod-asha.ru/avito,0.0
1266,https://atlantauto.ru/catalog/kvadrotsikly/,0.0
1267,https://atlantauto.ru/catalog/pogruzchiki/,0.0
1268,https://atlantauto.ru/catalog/traktory/,0.0
1269,https://atlantauto.ru/catalog/tires/,0.0
1270,https://atlantauto.ru/,0.0
1271,https://atlantauto.ru/catalog/avtokrany/,0.0
1272,https://atlantauto.ru/catalog/vezdekhody-gusenichnye/,0.0
1273,https://atlantauto.ru/catalog/navesnoe-oborudovanie/,0.0
1274,https://atlantauto.ru/retro-avtomobili/,0.0
1275,https://atlantauto.ru/news/,1.0
1276,https://rus.rus4all.ru/news/,1.0
1277,https://nissan.keyauto.ru/about/dealer-news/,1.0
1278,https://nissan.keyauto.ru/about/nissan-news/,1.0
1279,https://nissan.keyauto.ru/,0.0
1280,https://nissan.keyauto.ru/purchase/,0.0
1281,https://nissan.keyauto.ru/owners/,0.0
1282,http://handcent.ru/novosti/,1.0
1283,https://adv-active.ru/,0.0
1284,https://adv-active.ru/products/category,0.0
1285,https://adv-active.ru/articles/,0.0
1286,https://adv-active.ru/products/category/begovye-dorozhki,0.0
1287,https://adv-active.ru/harakteristiki/,0.0
1288,http://ch-adm.ru/,0.0
1289,http://ch-adm.ru/adm/grads/news,1.0
1290,http://ch-adm.ru/news,1.0
1291,http://astteplo.ru/o-predpriyatii/news,1.0
1292,https://ptpa.ru/,0.0
1293,https://ptpa.ru/products/,0.0
1294,https://ptpa.ru/tech_library/articles/,0.0
1295,https://totaldict.ru/news/,1.0
1296,http://yusar.ru/news/,1.0
1297,https://best-novostroy.ru/company/,0.0
1298,https://best-novostroy.ru/company/news/,1.0
1299,https://best-novostroy.ru/,0.0
1300,https://best-novostroy.ru/realty/,0.0
1301,https://best-novostroy.ru/services/,0.0
1302,https://best-novostroy.ru/elite/novostroyki/,0.0
1303,http://mpcflowers.ru/news.php,1.0
1304,http://eye-kaluga.com/news/,1.0
1305,http://eye-kaluga.com/news/patients_news/archive/,1.0
1306,http://eye-kaluga.com/news/video/,0.0
1307,https://minregion-ra.ru/about/info/news/,1.0
1308,https://novostiukrainy.ru/ekonomika,1.0
1309,https://novostiukrainy.ru/biznes,1.0
1310,https://novostiukrainy.ru/tehnologii,1.0
1311,https://novostiukrainy.ru/kino,1.0
1312,https://novostiukrainy.ru/zdorovie,1.0
1313,https://novostiukrainy.ru/drugoe,1.0
1314,https://novostiukrainy.ru/ukraina,1.0
1315,https://novostiukrainy.ru/mir,1.0
1316,https://novostiukrainy.ru/finansy,1.0
1317,https://novostiukrainy.ru/avto,1.0
1318,https://novostiukrainy.ru/showbiz,1.0
1319,https://novostiukrainy.ru/moda,1.0
1320,https://novostiukrainy.ru/igry,1.0
1321,https://novostiukrainy.ru/page/1,1.0
1322,https://novostiukrainy.ru/tehnologii/raznovidnosti-promyshlennyh-kotlov,0.0
1323,https://novostiukrainy.ru/,1.0
1324,https://novostiukrainy.ru/turizm,1.0
1325,https://novostiukrainy.ru/sport,1.0
1326,https://novostiukrainy.ru/proisshestviya,1.0
1327,https://novostiukrainy.ru/nedvizhimost,1.0
1328,https://novostiukrainy.ru/kultura,1.0
1329,https://novostiukrainy.ru/media,1.0
1330,https://novostiukrainy.ru/nedvizhimost/osnovnye-raznovidnosti-gipsokartona,0.0
1331,http://pda.48.fsin.su/news/,1.0
1332,https://s-vesti.ru/news/priroda/,1.0
1333,https://s-vesti.ru/news/na-dosuge/,1.0
1334,https://s-vesti.ru/news/zhivotnye/,1.0
1335,https://s-vesti.ru/news/literaturnyy-ponedelnik/,1.0
1336,https://s-vesti.ru/news/severomorcy/,1.0
1337,https://s-vesti.ru/news/slovo-deputatu/,1.0
1338,https://s-vesti.ru/news/sport/,1.0
1339,https://s-vesti.ru/news/health/,1.0
1340,https://s-vesti.ru/news/ishu-dom/,1.0
1341,https://s-vesti.ru/news/vybory/,1.0
1342,https://s-vesti.ru/news/culture/,1.0
1343,https://s-vesti.ru/news/ot-redakcii/,1.0
1344,https://s-vesti.ru/news/oficialno/,1.0
1345,https://s-vesti.ru/news/pravo/,1.0
1346,https://s-vesti.ru/news/silnye-duhom/,1.0
1347,https://s-vesti.ru/,1.0
1348,https://s-vesti.ru/news/,1.0
1349,https://s-vesti.ru/news/fotoobvinenie/,1.0
1350,https://s-vesti.ru/news/zkh/,1.0
1351,https://s-vesti.ru/news/pryamaya-liniya/,1.0
1352,https://s-vesti.ru/news/transport/,1.0
1353,https://s-vesti.ru/send_news/,1.0
1354,https://s-vesti.ru/news/bezopasnost/,1.0
1355,https://s-vesti.ru/news/education/,1.0
1356,https://s-vesti.ru/news/society/,1.0
1357,https://s-vesti.ru/news/severnyy-flot/,1.0
1358,https://s-vesti.ru/news/social/,1.0
1359,https://s-vesti.ru/news/finansy/,1.0
1360,https://s-vesti.ru/news/dorogami-zapolyarya/,1.0
1361,https://s-vesti.ru/news/nam-pishut/,1.0
1362,https://s-vesti.ru/news/incidents/,1.0
1363,https://s-vesti.ru/news/fotoetyud/,1.0
1364,https://s-vesti.ru/news/dobroe-delo/,1.0
1365,https://s-vesti.ru/news/nash-dom/,1.0
1366,https://procvetok.com/ru/,0.0
1367,https://procvetok.com/ru,0.0
1368,https://procvetok.com/ru/questions/flowers/,0.0
1369,https://procvetok.com/ru/questions/indoor/,0.0
1370,https://procvetok.com/ru/questions/video/,0.0
1371,https://procvetok.com/ru/questions/save/,0.0
1372,https://procvetok.com/ru/questions/diseases/,0.0
1373,https://procvetok.com/ru/questions/seeds/,0.0
1374,https://procvetok.com/ru/questions/needles/,0.0
1375,https://procvetok.com/ru/videos/,0.0
1376,https://procvetok.com/ru/articles/,0.0
1377,https://procvetok.com/ru/questions/fruit/,0.0
1378,https://procvetok.com/ru/questions/prochee/,0.0
1379,https://procvetok.com/ru/questions/perennials/,0.0
1380,https://procvetok.com/ru/questions/,0.0
1381,https://procvetok.com/ru/questions/care/,0.0
1382,https://procvetok.com/ru/questions/protection/,0.0
1383,https://procvetok.com/ru/questions/raboty-v-sadu/,0.0
1384,https://procvetok.com/ru/questions/roses/,0.0
1385,https://procvetok.com/ru/questions/vegetables/,0.0
1386,https://kolpna.hh.ru/articles/insider?from=footer_new,1.0
1387,https://kolpna.hh.ru/articles/applicants/it-projects?from=footer_new,1.0
1388,https://kolpna.hh.ru/articles?hhtmFrom=main&hhtmFromLabel=menu,1.0
1389,https://kolpna.hh.ru/articles/applicants/it-projects?hhtmFrom=main&hhtmFromLabel=menu,1.0
1390,https://kolpna.hh.ru/articles/insider?hhtmFrom=main&hhtmFromLabel=menu,1.0
1391,https://kolpna.hh.ru/articles/site-news,1.0
1392,https://kolpna.hh.ru/articles,1.0
1393,https://kmb-4.mskobr.ru/novosti,1.0
1394,https://kmb-4.mskobr.ru/resursnaya_shkola/novosti,1.0
1395,https://svoboda-3.ru/about/news/,1.0
1396,https://energy.lugansk.info/news.shtml,1.0
1397,https://git71.rostrud.ru/news/,1.0
1398,https://bitgid.com/novosti/,1.0
1399,http://kerchpoliteh.ru/news/?page3,1.0
1400,http://kerchpoliteh.ru/,0.0
1401,http://kerchpoliteh.ru/news/informacija/1-0-3,1.0
1402,http://kerchpoliteh.ru/news/?page2,1.0
1403,https://mfa.am/hy/news,1.0
1404,http://prirodaperm.ru/news/,1.0
1405,https://leningrad.lidgroup.ru/news/,1.0
1406,https://tuapseregion.ru/,1.0
1407,https://tuapseregion.ru/администрация/информация/новости/rss/,1.0
1408,https://tuapseregion.ru/adm/информация/новости/,1.0
1409,https://tuapseregion.ru/region/фотогалерея/,0.0
1410,https://atlantauto.ru/catalog/avtofurgony/,0.0
1411,https://atlantauto.ru/catalog/kvadriki/,0.0
1412,https://atlantauto.ru/catalog/mototekhnika/,0.0
1413,https://atlantauto.ru/catalog/mototsikly/,0.0
1414,http://remchel.ru/articles/,0.0
1415,http://remchel.ru/news/,1.0
1416,http://remchel.ru/tendersnew/,0.0
1417,http://remchel.ru/marketnew/,0.0
1418,https://bashkortostan.ru/presscenter/news/,1.0
1419,https://bashkortostan.ru/presscenter/,1.0
1420,https://bashkortostan.ru/presscenter/events/,1.0
1421,https://bashkortostan.ru/presscenter/video/,0.0
1422,https://bashkortostan.ru/,1.0
1423,https://bonds.ru/modules/news/,1.0
1424,http://novoaleksandrovsky.stv.sudrf.ru/,1.0
1425,http://novoaleksandrovsky.stv.sudrf.ru/modules.php?name=press_dep,1.0
1426,http://novoaleksandrovsky.stv.sudrf.ru/modules.php?name=press_dep&op=1,1.0
1427,http://pda.44.fsin.su/news/,1.0
1428,https://33.ruor.org/,1.0
1429,https://33.ruor.org/news/,1.0
1430,https://33.ruor.org/region-news/,1.0
1431,https://msk.allcafe.ru/,0.0
1432,https://msk.allcafe.ru/catalog/,1.0
1433,https://msk.allcafe.ru/tags/,1.0
1434,http://ru.disai.org/news/news_and_events,1.0
1435,http://ru.disai.org/news/news_archive,1.0
1436,https://trapeza.ru/catalog/,0.0
1437,https://trapeza.ru/catalog/vendors/,0.0
1438,https://trapeza.ru/catalog/kinoteatr_fanfud_stritfud/,0.0
1439,https://trapeza.ru/news/1/,1.0
1440,https://trapeza.ru/news/2/,1.0
1441,https://trapeza.ru/catalog/zapchasti_i_literatura/,0.0
1442,https://trapeza.ru/,0.0
1443,https://avangard.org/,1.0
1444,https://avangard.org/en/,1.0
1445,https://avangard.org/catalog/,0.0
1446,https://avangard.org/news/,1.0
1447,https://sibkabel.ru/press/articles/,1.0
1448,https://sibkabel.ru/press/news/,1.0
1449,https://aprom.by/news.php,1.0
1450,https://limburger.nl/,1.0
1451,https://limburger.nl/regio,0.0
1452,https://fiesta.city/spb/events/,0.0
1453,https://fiesta.city/msk/,1.0
1454,https://fiesta.city/spb/,1.0
1455,https://fiesta.city/fin/,1.0
1456,https://fiesta.city/projects/,0.0
1457,https://ostannipodii.com//ostannipodii.com/allnews/,1.0
1458,https://fbuz04.ru/index.php/novosti/o-koronavirusnoj-infektsii/,1.0
1459,https://aeroproject.ru/info-centre/news/,1.0
1460,https://adelnews.com/,1.0
1461,https://adelnews.com/sports/,1.0
1462,https://adelnews.com/homes,0.0
1463,https://adelnews.com/jobs,1.0
1464,https://adelnews.com/news/,1.0
1465,https://adelnews.com/opinion/,1.0
1466,https://adelnews.com/search/,1.0
1467,https://adelnews.com/weather/,1.0
1468,https://adelnews.com/section/cars,0.0
1469,https://git49.rostrud.ru/news/,1.0
1470,https://fc-psg.ru/news/,1.0
1471,https://mirnyj-saha-jakutija.obyava.org/,0.0
1472,https://mirnyj-saha-jakutija.obyava.org/search/uslugi/,0.0
1473,https://mirnyj-saha-jakutija.obyava.org/search/rabota/,0.0
1474,http://tefi.ru/news/,1.0
1475,https://davitamebel.ru/catalog/kupit-kuhni/kukhonnye_garnitury/bolshie/,1.0
1476,https://davitamebel.ru/catalog/kupit-kuhni/otdelnye_moduli/,1.0
1477,https://davitamebel.ru/catalog/gostinye/,1.0
1478,https://davitamebel.ru/catalog/ofisnaja-mebel/ofisnyj-stol/,1.0
1479,https://davitamebel.ru/catalog/aktsii_1/,1.0
1480,https://davitamebel.ru/company/articles/,1.0
1481,https://davitamebel.ru/company/articles/kak-vybrat-kukhnyu1/,1.0
1482,https://davitamebel.ru/catalog/kupit-kuhni/kukhonnye_garnitury/pryamye/,1.0
1483,https://davitamebel.ru/catalog/mebel-v-spalnu/,1.0
1484,https://davitamebel.ru/company/articles/spalnya-v-ekostile/,1.0
1485,https://davitamebel.ru/catalog/kupit-kuhni/kukhonnye_stoly/,1.0
1486,https://davitamebel.ru/catalog/kupit-kuhni/kukhonnye_garnitury/,1.0
1487,https://davitamebel.ru/catalog/detskaja-mebel/,1.0
1488,https://davitamebel.ru/catalog/kupit-kuhni/,1.0
1489,https://davitamebel.ru/catalog/ofisnaja-mebel/,1.0
1490,https://davitamebel.ru/catalog/prikhozhie/shkaf-v-prihozhuju/,1.0
1491,https://davitamebel.ru/catalog/shkafy_1/,1.0
1492,https://davitamebel.ru/catalog/domashnie_kabinety/,1.0
1493,https://davitamebel.ru/company/news/,1.0
1494,https://davitamebel.ru/customers/deklaratsii-sootvetstviya/,1.0
1495,https://davitamebel.ru/catalog/prikhozhie/,1.0
1496,https://jobs.ua/articles,0.0
1497,https://jobs.ua/articles/holidays,0.0
1498,https://jobs.ua/city,0.0
1499,https://nestle.at/,1.0
1500,https://nestle.at/media/newsandfeatures,1.0
1501,https://nestle.at/media/news/smarties-recycelbare-papierverpackungen,1.0
1502,http://sabinsky.tat.sudrf.ru/,1.0
1503,http://sabinsky.tat.sudrf.ru/modules.php?name=press_dep,1.0
1504,http://sabinsky.tat.sudrf.ru/modules.php?name=press_dep&op=1,1.0
1505,http://glianec.com.ua/fashion-news,1.0
1506,http://glianec.com.ua/celebrities-news,1.0
1507,http://glianec.com.ua/showbiz-news,1.0
1508,http://glianec.com.ua/health-news,1.0
1509,http://glianec.com.ua/entertainment-news,1.0
1510,http://chernoyarsky.ast.sudrf.ru/,0.0
1511,http://chernoyarsky.ast.sudrf.ru/modules.php?name=press_dep,1.0
1512,https://razdolnoe-rk.ru/news.php,1.0
1513,https://razdolnoe-rk.ru/index.php?newsPage=2,1.0
1514,https://razdolnoe-rk.ru/index.php?newsPage=3,1.0
1515,https://razdolnoe-rk.ru/index.php?newsPage=6,1.0
1516,https://razdolnoe-rk.ru/index.php?newsPage=7,1.0
1517,https://razdolnoe-rk.ru/index.php?newsPage=8,1.0
1518,https://razdolnoe-rk.ru/index.php?newsPage=4,1.0
1519,https://razdolnoe-rk.ru/index.php?newsPage=5,1.0
1520,https://razdolnoe-rk.ru/index.php?newsPage=9,1.0
1521,https://birdymagazine.ru/tag/news,1.0
1522,https://birdymagazine.ru/category/news,1.0
1523,https://birdymagazine.ru/category/news/,1.0
1524,https://birdymagazine.ru/news/stupid-selfies,1.0
1525,https://economy.kbr.ru/activity/,0.0
1526,https://economy.kbr.ru/documents/,0.0
1527,https://economy.kbr.ru/,0.0
1528,https://economy.kbr.ru/news/,1.0
1529,https://r49.fssp.gov.ru/news/,1.0
1530,https://r49.fssp.gov.ru/novosti/,1.0
1531,https://r49.fssp.gov.ru/news,1.0
1532,https://r49.fssp.gov.ru/news/rss/,1.0
1533,https://gorod-plus.tv/news,1.0
1534,https://lincolnnewsmessenger.com/news-category/news/1/,1.0
1535,https://lincolnnewsmessenger.com/live-content/placer herald,1.0
1536,https://lincolnnewsmessenger.com/live-content/lincoln news messenger,1.0
1537,https://lincolnnewsmessenger.com/user/edit/,1.0
1538,https://lincolnnewsmessenger.com/,1.0
1539,https://lincolnnewsmessenger.com/live-content/auburn journal,1.0
1540,https://lincolnnewsmessenger.com/live-content/the loomis news,1.0
1541,https://lincolnnewsmessenger.com/live-content/the press tribune,1.0
1542,https://lincolnnewsmessenger.com/live-content/the folsom telegraph,1.0
1543,https://lincolnnewsmessenger.com/live-content/special sections,1.0
1544,https://lincolnnewsmessenger.com/live-content/contact,0.0
1545,https://lincolnnewsmessenger.com/live-content/privacy policy,0.0
1546,https://i3vestno.ru/novosti,1.0
1547,https://i3vestno.ru/regionalnye-novosti,1.0
1548,https://i3vestno.ru/regionalnye-novosti/tvori-dobro,1.0
1549,https://viafonskiy.ru/news/federal/narodnaya-programma-partii/,1.0
1550,https://viafonskiy.ru/news/,1.0
1551,https://viafonskiy.ru/news/federal/slovo-kak-oruzhie/,1.0
1552,https://viafonskiy.ru/news/rss/,1.0
1553,http://serpeika.com/sports_beauty/,1.0
1554,http://serpeika.com/health/,1.0
1555,http://serpeika.com/smi/vse_novosti/,1.0
1556,http://serpeika.com/realty/vse_novosti/,1.0
1557,http://serpeika.com/job/vse_novosti3/,1.0
1558,http://serpeika.com/gkh/vse_novosti7/,1.0
1559,http://serpeika.com/smi/novosti_interneta/,1.0
1560,http://serpeika.com/education/,1.0
1561,http://serpeika.com/education/vse_novosti5/,1.0
1562,http://serpeika.com/realty/,1.0
1563,http://serpeika.com/dosug/,1.0
1564,http://serpeika.com/transport/,1.0
1565,http://serpeika.com/gorod/,1.0
1566,http://serpeika.com/gorod/vse_novosti2/,1.0
1567,http://serpeika.com/biznes/,1.0
1568,http://serpeika.com/biznes/vse_novosti3/,1.0
1569,http://serpeika.com/dosug/vse_novosti/,1.0
1570,http://serpeika.com/smi/novosti_interneta/smitanka_ru/,1.0
1571,http://serpeika.com/smi/novosti_interneta/serpuhov_ru/,1.0
1572,http://serpeika.com/,1.0
1573,http://serpeika.com/smi/organizations/newspapers/,1.0
1574,http://serpeika.com/sports_beauty/vse_novosti/,1.0
1575,http://serpeika.com/health/vse_novosti1/,1.0
1576,https://fiesta.city/,1.0
1577,https://fiesta.city/spb/news/,1.0
1578,https://fiesta.city/spb/live/,0.0
1579,http://krasnodubravsky.zemetchino.pnzreg.ru/news/sotsialnaya-zashchita,1.0
1580,http://krasnodubravsky.zemetchino.pnzreg.ru/news/selskoe-khozyaystvo/,1.0
1581,http://krasnodubravsky.zemetchino.pnzreg.ru/news/zhkkh/,1.0
1582,http://krasnodubravsky.zemetchino.pnzreg.ru/news/sport/,1.0
1583,http://krasnodubravsky.zemetchino.pnzreg.ru/,1.0
1584,http://krasnodubravsky.zemetchino.pnzreg.ru/news/obshchestvo/,1.0
1585,http://krasnodubravsky.zemetchino.pnzreg.ru/news/ekonomika/,1.0
1586,http://krasnodubravsky.zemetchino.pnzreg.ru/news/kultura,1.0
1587,http://krasnodubravsky.zemetchino.pnzreg.ru/news/profilaktika-pravonarusheniy,1.0
1588,http://krasnodubravsky.zemetchino.pnzreg.ru/news/obrazovanie/,1.0
1589,http://krasnodubravsky.zemetchino.pnzreg.ru/news/promyshlennost/,1.0
1590,http://krasnodubravsky.zemetchino.pnzreg.ru/authority/finansy,0.0
1591,http://krasnodubravsky.zemetchino.pnzreg.ru/news/,1.0
1592,https://brozex.com/,0.0
1593,https://brozex.com/catalog/dekor-2,0.0
1594,https://brozex.com/segment/tekstil,0.0
1595,https://brozex.com/segment/porogi-luka,0.0
1596,https://brozex.com/catalog/lenta-bordyur-2,0.0
1597,https://brozex.com/catalog/sad-i-otdyh,0.0
1598,https://brozex.com/segment/krepezhnye-izdeliya-2,0.0
1599,https://brozex.com/segment/stroitelnye-materialy-2,0.0
1600,https://brozex.com/segment/karnizy-2,0.0
1601,https://brozex.com/segment/porogi-russkiy-profil,0.0
1602,https://brozex.com/catalog/stroitelnye-materialy-2,0.0
1603,"https://brozex.com/catalog/porogi,-lenta-protivoskolzyaschaya",0.0
1604,"https://brozex.com/catalog/svetodiodnaya-lenta,-komplektuyuschie",0.0
1605,https://brozex.com/catalog/instrumenty-2,0.0
1606,https://brozex.com/segment/posuda,0.0
1607,https://brozex.com/novosti,0.0
1608,https://brozex.com/catalog/santehnika-2,0.0
1609,https://brozex.com/catalog/tekstil-dlya-doma,0.0
1610,https://brozex.com/catalog/gigiena-i-krasota,0.0
1611,https://mfc38.ru/information-service/news,1.0
1612,https://mfc38.ru/lenta-sobytij-gubernatora,0.0
1613,https://miloserdie.ru/news/,1.0
1614,https://ntc-power.ru/news/,1.0
1615,https://evpatoriya.obyava.org/search/,0.0
1616,https://evpatoriya.obyava.org/,0.0
1617,https://evpatoriya.obyava.org/search/uslugi/,0.0
1618,https://evpatoriya.obyava.org/search/rabota/,0.0
1619,https://gro40.com/news/,1.0
1620,http://35net.ru/news/,1.0
1621,http://06.fsin.su/news/,1.0
1622,https://v-chelyabinske.com/news/category/drugie-novosti/tehnologii,1.0
1623,https://v-chelyabinske.com/news/category/drugie-novosti/ekonomika,1.0
1624,http://nauka.mgik.org/news,1.0
1625,http://nauka.mgik.org/,1.0
1626,http://nauka.mgik.org/news/,1.0
1627,https://arspb.ru/meropriyatiya/novosti_sobytiya/,1.0
1628,http://networkworld.es/networking,1.0
1629,http://networkworld.es/telecomunicaciones,1.0
1630,http://networkworld.es/seguridad,1.0
1631,http://networkworld.es/movilidad,1.0
1632,http://networkworld.es/convergencia,1.0
1633,http://networkworld.es/cloud-computing,1.0
1634,http://networkworld.es/mundo-profesional,1.0
1635,http://networkworld.es/newssuscription/form,0.0
1636,https://shuya-eparhia.ru/news,1.0
1637,https://buffalo.uloop.com/,0.0
1638,https://buffalo.uloop.com/tutors,0.0
1639,https://buffalo.uloop.com/study-abroad,0.0
1640,https://buffalo.uloop.com/online-courses,0.0
1641,https://ippks.bstu.ru/news,1.0
1642,http://krasnoturinsky.svd.sudrf.ru/modules.php?name=press_dep,1.0
1643,http://krasnoturinsky.svd.sudrf.ru/modules.php?name=rsnews&op=news_archive,1.0
1644,http://krasnoturinsky.svd.sudrf.ru/,1.0
1645,https://foreignaffairs.co.nz/,1.0
1646,http://ao-electromash.ru/news/,1.0
1647,https://fondntr.ru/news.html,1.0
1648,http://vesti-gorod.ru/news.html,1.0
1649,http://vesti-gorod.ru/news-1.html,1.0
1650,http://vesti-gorod.ru/news-7.html,1.0
1651,http://vesti-gorod.ru/news-6.html,1.0
1652,http://vesti-gorod.ru/news-5.html,1.0
1653,http://vesti-gorod.ru/news-4.html,1.0
1654,http://vesti-gorod.ru/news-3.html,1.0
1655,http://vesti-gorod.ru/news-8.html,1.0
1656,http://vesti-gorod.ru/news-2.html,1.0
1657,http://vesti-gorod.ru/oblnews.html,1.0
1658,http://vesti-gorod.ru/news.rss,1.0
1659,https://reshaem.49gov.ru/,0.0
1660,https://tvoyadres.ru/,0.0
1661,https://tvoyadres.ru/novosti/,1.0
1662,https://alumni.cchgeu.ru/,1.0
1663,https://alumni.cchgeu.ru/graduates/,0.0
1664,https://psk-karelia.ru/novosti/,1.0
1665,https://rosseti.ru/about/property/,0.0
1666,https://rosseti.ru/,1.0
1667,https://rosseti.ru/investors/,0.0
1668,https://rosseti.ru/custom/news/?year=2019,1.0
1669,https://rosseti.ru/custom/news/,0.0
1670,https://rosseti.ru/clients/,0.0
1671,https://rosseti.ru/press/photo-gallery/,0.0
1672,https://rosseti.ru/eng/,1.0
1673,https://rosseti.ru/about/,0.0
1674,https://rosseti.ru/about/sites/,0.0
1675,https://rosseti.ru/clients/territory-of-service/,0.0
1676,https://rosseti.ru/press/news/,1.0
1677,https://plamya-truda.ru/location/areanews/,1.0
1678,https://plamya-truda.ru/location/provincenews/,1.0
1679,https://osipovichi.gov.by/ru/news-rayon-ru/,1.0
1680,https://osipovichi.gov.by/ru/news-region-ru/,1.0
1681,https://osipovichi.gov.by/ru/news-republic-ru/,1.0
1682,https://miloserdie.help/news/,1.0
1683,https://nissan-kursk.ru/,0.0
1684,https://nissan-kursk.ru/purchase/,0.0
1685,https://nissan-kursk.ru/owners/,0.0
1686,http://sntrans.ru/news,1.0
1687,https://glavk.net/articles/politica,1.0
1688,https://glavk.net/news,1.0
1689,https://glavk.net/articles,1.0
1690,https://glavk.net/,1.0
1691,https://glavk.net/articles/crime,1.0
1692,https://glavk.net/articles/economic,1.0
1693,https://glavk.net/articles/events,1.0
1694,https://glavk.net/articles/offense,1.0
1695,https://glavk.net/articles/important,1.0
1696,https://glavk.net/articles/tags,0.0
1697,https://glavk.net/articles/war,1.0
1698,https://glavk.net/articles/archive,1.0
1699,https://glavk.net/articles/incidents,1.0
1700,https://fashionmagazine.com/newsletter-subscribe/,0.0
1701,https://admkugarchi.bashkortostan.ru/activity/,0.0
1702,https://admkugarchi.bashkortostan.ru/presscenter/news/,1.0
1703,https://admkugarchi.bashkortostan.ru/presscenter/,1.0
1704,https://admkugarchi.bashkortostan.ru/presscenter/photo/,0.0
1705,https://admkugarchi.bashkortostan.ru/,1.0
1706,https://zapadnova.ru/news/,1.0
1707,https://zapadnova.ru/photo/,0.0
1708,https://zapadnova.ru/,1.0
1709,https://minjkh.donland.ru/activity/,0.0
1710,https://minjkh.donland.ru/presscenter/news/,1.0
1711,https://minjkh.donland.ru/presscenter/,1.0
1712,https://minjkh.donland.ru/presscenter/photo/,0.0
1713,https://minjkh.donland.ru/,1.0
1714,http://photogeek.ru/,1.0
1715,http://photogeek.ru/users/,0.0
1716,http://photogeek.ru/photos/,0.0
1717,http://photogeek.ru/help/,0.0
1718,http://photogeek.ru/video/,0.0
1719,https://rrb.by/presscentr,0.0
1720,https://rrb.by/presscentr/news,1.0
1721,https://taigapost.ru/articles,1.0
1722,https://taigapost.ru/news,1.0
1723,http://yubadm.ru/news.html,1.0
1724,http://yubadm.ru/novosti-rayona.html,1.0
1725,https://avarkompro.ru/,0.0
1726,https://avarkompro.ru/uslugi/,0.0
1727,https://avarkompro.ru/novosti/,1.0
1728,https://expoclub.ru/news/,1.0
1729,http://zdrav.spb.ru/ru/news/events/,0.0
1730,http://zdrav.spb.ru/news/clipping-service-contact/,0.0
1731,http://zdrav.spb.ru/ru/news/,1.0
1732,https://ciam.ru/press-center/news/,1.0
1733,https://ciam.ru/,1.0
1734,https://ciam.ru/en/,1.0
1735,https://ciam.ru/about/,0.0
1736,https://ciam.ru/about/history/,0.0
1737,https://ciam.ru/about/disclosure-of-information/,0.0
1738,https://ciam.ru/research/,0.0
1739,https://ciam.ru/science/editions/,0.0
1740,https://avtogermes.ru/sale/new/,0.0
1741,https://avtogermes.ru/sale/second_hand/kia/,0.0
1742,https://avtogermes.ru/sale/second_hand/mitsubishi/,0.0
1743,https://avtogermes.ru/sale/second_hand/lada/,0.0
1744,https://avtogermes.ru/sale/second_hand/volkswagen/,0.0
1745,https://avtogermes.ru/sale/second_hand/mazda/,0.0
1746,https://avtogermes.ru/sale/second_hand/chevrolet/,0.0
1747,https://avtogermes.ru/servis/slesarnyi-remont/,0.0
1748,https://avtogermes.ru/sale/,0.0
1749,https://avtogermes.ru/servis/citroen/,0.0
1750,https://avtogermes.ru/sale/second_hand/datsun/,0.0
1751,https://avtogermes.ru/sale/second_hand/suzuki/,0.0
1752,https://avtogermes.ru/servis/renault/,0.0
1753,https://avtogermes.ru/contacts/,0.0
1754,https://avtogermes.ru/servis/,0.0
1755,https://avtogermes.ru/servis/kia/,0.0
1756,https://avtogermes.ru/servis/hyundai/,0.0
1757,https://avtogermes.ru/,0.0
1758,https://avtogermes.ru/sale/lada/,0.0
1759,https://avtogermes.ru/sale/second_hand/skoda/,0.0
1760,https://avtogermes.ru/sale/second_hand/hyundai/,0.0
1761,https://avtogermes.ru/servis/peugeot/,0.0
1762,https://avtogermes.ru/servis/lada/,0.0
1763,https://avtogermes.ru/sale/second_hand/,0.0
1764,https://avtogermes.ru/sale/second_hand/uaz/,0.0
1765,https://avtogermes.ru/sale/second_hand/renault/,0.0
1766,https://avtogermes.ru/sale/second_hand/nissan/,0.0
1767,https://avtogermes.ru/sale/second_hand/ford/,0.0
1768,https://avtogermes.ru/sale/second_hand/opel/,0.0
1769,https://avtogermes.ru/servis/mitsubishi/,0.0
1770,https://avtogermes.ru/company/vacancy/,0.0
1771,https://artem.obyava.org/,0.0
1772,https://artem.obyava.org/search/uslugi/,0.0
1773,https://artem.obyava.org/search/rabota/,0.0
1774,https://chernomorsk.com.ua/news,1.0
1775,https://solntv.ru/news.html,1.0
1776,https://git74.rostrud.gov.ru/news/,1.0
1777,https://alupka.reklama-crimea.com/articles/offer,0.0
1778,https://alupka.reklama-crimea.com/articles/faq,0.0
1779,https://alupka.reklama-crimea.com/articles/user_agreement,0.0
1780,https://specnaz-mag.ru/odezhda/odezhda-meditsinskaya/kostyumy,0.0
1781,https://specnaz-mag.ru/novosti,0.0
1782,https://bfm74.ru/,1.0
1783,https://bfm74.ru/biznes/,1.0
1784,https://bfm74.ru/obshchestvo/,1.0
1785,https://bfm74.ru/politika/,1.0
1786,https://bfm74.ru/delovaya-sreda/,1.0
1787,https://bfm74.ru/ot-pervogo-litsa/,1.0
1788,https://kurskzdrav.ru/ru/,1.0
1789,https://kurskzdrav.ru/ru/activity/,0.0
1790,https://kurskzdrav.ru/ru/press-center/news/,1.0
1791,http://dzr.er-crimea.com/category/novosti/,1.0
1792,https://bcrmotors.ru/category/news/,1.0
1793,http://saratov-news.net/video,1.0
1794,http://saratov-news.net/politics,1.0
1795,http://saratov-news.net/economy,1.0
1796,http://saratov-news.net/sport,1.0
1797,http://saratov-news.net/society,1.0
1798,http://narpolit.com/kulturnyj-sloj,1.0
1799,http://narpolit.com/,1.0
1800,http://narpolit.com/novost-dnya,1.0
1801,http://narpolit.com/po-suti-dela,1.0
1802,http://narpolit.com/tochka-otscheta,1.0
1803,http://narpolit.com/politicheskij-pejzazh,1.0
1804,http://narpolit.com/chto-tvoritsya,1.0
1805,http://narpolit.com/istoriya-sovremennosti,1.0
1806,https://rusmk.ru/news/business/markets/,1.0
1807,https://rusmk.ru/news/business/finance/,1.0
1808,https://rusmk.ru/news/lifestyle/hi-tech/,1.0
1809,https://rusmk.ru/news/entertainment/film-and-tv/,1.0
1810,https://rusmk.ru/news/business/,1.0
1811,https://rusmk.ru/news/lifestyle/shop/,1.0
1812,https://rusmk.ru/news/travel/,1.0
1813,https://rusmk.ru/news/sobytiya/blizhnee-zarubezhe-sng/,1.0
1814,https://rusmk.ru/news/browse/persona/,1.0
1815,https://rusmk.ru/news/sobytiya/,1.0
1816,https://rusmk.ru/news/incidents/,1.0
1817,https://rusmk.ru/news/lifestyle/auto/,1.0
1818,https://rusmk.ru/news/lifestyle/fashion/,1.0
1819,https://rusmk.ru/news/entertainment/music/,1.0
1820,https://rusmk.ru/news/entertainment/poster/,1.0
1821,https://rusmk.ru/news/browse/fakty/,1.0
1822,https://rusmk.ru/news/politics/,1.0
1823,https://rusmk.ru/news/society/health/,1.0
1824,https://rusmk.ru/news/lifestyle/gourmet/,1.0
1825,https://rusmk.ru/news/entertainment/showbiz/,1.0
1826,https://rusmk.ru/news/browse/,1.0
1827,https://rusmk.ru/news/video/,1.0
1828,https://rusmk.ru/news/entertainment/theater/,1.0
1829,https://rusmk.ru/news/mnenie/,1.0
1830,https://rusmk.ru/news/society/,1.0
1831,https://rusmk.ru/news/society/national-question/,1.0
1832,https://rusmk.ru/news/lifestyle/,1.0
1833,https://rusmk.ru/news/browse/kosmos/,1.0
1834,https://rusmk.ru/news/photo/,1.0
1835,https://rusmk.ru/news/novosti/,1.0
1836,https://rusmk.ru/news/society/education/,1.0
1837,https://rusmk.ru/news/society/protection-of-rights/,1.0
1838,https://transport.bashkortostan.ru/activity/,0.0
1839,https://transport.bashkortostan.ru/presscenter/news/,1.0
1840,https://noblefox.ru/category/news/,1.0
1841,https://noblefox.ru/category/games/games-news/,1.0
1842,https://vverh-dm.ru/news/,1.0
1843,http://mouv.debesi.ru/,1.0
1844,http://mouv.debesi.ru/news/,1.0
1845,http://mouv.debesi.ru/news/rayon-news/,1.0
1846,https://pereplanirovkamos.ru/articles.html,1.0
1847,http://suksun.perm.sudrf.ru/,0.0
1848,http://suksun.perm.sudrf.ru/modules.php?name=press_dep,1.0
1849,https://stavroskrest.ru/all-news,1.0
1850,https://playbcm.net/,0.0
1851,http://kotofey.ru/articles,1.0
1852,https://kachestvo.pro/news/,1.0
1853,http://oao-atek.ru/,0.0
1854,http://oao-atek.ru/novosti/,1.0
1855,http://oao-atek.ru/potrebitelyam/tarify/krasnodar/,0.0
1856,https://dshi1-nk.ru/about/,0.0
1857,https://dshi1-nk.ru/news/,1.0
1858,https://s-standard.ru/news,1.0
1859,https://kazakhstan.iom.int/news,1.0
1860,https://palki.ru/,0.0
1861,https://palki.ru/les1/,0.0
1862,https://economy.udmurt.ru/about/info/news/,1.0
1863,http://saratov-news.net/incident,1.0
1864,http://taneco.ru/ru/news/company/,1.0
1865,http://taneco.ru/ru/news/,1.0
1866,https://novosti.dn.ua/tags/slavyansk,1.0
1867,https://novosti.dn.ua/news,1.0
1868,https://jpost.com/israel-news,1.0
1869,https://perm-matras.ru/shop/matras/sontelle/sante/,0.0
1870,http://pgb.ru/news.php,1.0
1871,http://arhiv-vologda.ru/news,1.0
1872,https://iamexpat.nl/subscribe-to-newsletter,0.0
1873,https://iamexpat.nl/career/jobs,0.0
1874,http://bolhovsky.orl.sudrf.ru/,0.0
1875,https://gutp.mosreg.ru/,0.0
1876,https://gutp.mosreg.ru/sobytiya/novosti-ministerstva,1.0
1877,https://quesnelobserver.com/news/,1.0
1878,http://oktyabr-r.ru/about/info/news/,1.0
1879,https://cleansan.ru/news,0.0
1880,https://myprice74.ru/info/news/,1.0
1881,https://salon.su/,1.0
1882,https://orsk.ru/,1.0
1883,https://piteronline.tv/news/,1.0
1884,http://fppk.org/,1.0
1885,https://minfinchr.ru/,1.0
1886,https://xyya.net/news/,0.0
1887,insafe.ru,0.0
1888,turizm.ru,0.0
1889,lichniekabineti.ru,0.0
1890,stavropolski.flado.ru,0.0
1891,gdevrach.com,0.0
1892,gri2zly.ru,0.0
1893,medgorod.info,0.0
1894,radiofizika.ru,0.0
1895,k2com.ru,0.0
1896,academy.sk.ru,0.0
1897,wiki.merionet.ru,0.0
1898,samruk-energy.kz,0.0
1899,dmag.usue.ru,0.0
1900,yell.ru,0.0
1901,vypechka-online.ru,0.0
1902,rietumu.ru,0.0
1903,geekelectronics.org,0.0
1904,ocher.gorod-59.ru,0.0
1905,now-penza.ru,0.0
1906,petkam.ru,0.0
1907,turtlepower.ru,0.0
1908,saratov.beeline.ru,0.0
1909,kahovskieromashki.ru,0.0
1910,uk-kc.ru,0.0
1911,olimp.bet,0.0
1912,doctu.ru,0.0
1913,psbinvest.ru,0.0
1914,tutveseluha.ru,0.0
1915,20gp.by,0.0
1916,sibrkvvmvd.ru,0.0
1917,yapfiles.ru,0.0
1918,adm-bulat.ru,0.0
1919,ratingfx.ru,0.0
1920,fiatducatoclub.ru,0.0
1921,kakzachem.pw,0.0
1922,portaltattoo.ru,0.0
1923,technoreal.ru,0.0
1924,drtclub.ru,0.0
1925,soft.softodrom.ru,0.0
1926,kazan.vezetvsem.ru,0.0
1927,neorabote.net,0.0
1928,metrob.ru,0.0
1929,fermilon.ru,0.0
1930,tuz-saratov.ru,0.0
1931,epam.ru,0.0
1932,mosderm.ru,0.0
1933,mogilev.energo.by,0.0
1934,prov.telekomza.ru,0.0
1935,firmdigest.ru,0.0
1936,studwork.org,0.0
1937,save-yourmoney.ru,0.0
1938,ot-boli.ru,0.0
1939,andreevka.goodline.info,0.0
1940,sibspas.ru,0.0
1941,novostival.ru,0.0
1942,nn.nmls.ru,0.0
1943,snt-bugorok.ru,0.0
1944,edost.ru,0.0
1945,saluttalantov.ru,0.0
1946,like44.ru,0.0
1947,from-russia.org,0.0
1948,topdetal.ru,0.0
1949,corp.sputnik.ru,0.0
1950,eduklgd.ru,0.0
1951,rosinfra.ru,0.0
1952,housechief.ru,0.0
1953,need4study.com,0.0
1954,spasibosberbank.events,0.0
1955,zelenodolysk.megapolis-16.ru,0.0
1956,hlebopechka.ru,0.0
1957,avtoskupka174.ru,0.0
1958,vcot.info,0.0
1959,promokodo.ru,0.0
1960,bsu.by,0.0
1961,y-ivanycha.ru,0.0
1962,cs42.ru,0.0
1963,xn--4-etbc9b.xn--p1ai,0.0
1964,traderfond.ru,0.0
1965,buran.tass.ru,0.0
1966,fotoexperts.ru,0.0
1967,williams-oliver.ru,0.0
1968,egorlykskaya.korallmicro.ru,0.0
1969,business16.ru,0.0
1970,lira-soft.com,0.0
1971,skontakt.ru,0.0
1972,yakutsk.beeline.ru,0.0
1973,1national.ru,0.0
1974,skk65.ru,0.0
1975,chemodan-tour.ru,0.0
1976,sport.sfu-kras.ru,0.0
1977,kubikus.ru,0.0
1978,rent-index.ru,0.0
1979,lifeingos.ru,0.0
1980,anison.fm,0.0
1981,spar.ru,0.0
1982,marmok.ru,0.0
1983,prawdom.ru,0.0
1984,leovit.ru,0.0
1985,bigvill.ru,0.0
1986,diamondelectric.ru,0.0
1987,efarma.ru,0.0
1988,ocenschiki-i-eksperty.ru,0.0
1989,meget.kiev.ua,0.0
1990,gatchina.sp-city.ru,0.0
1991,dnifg.ru,0.0
1992,ledel.ru,0.0
1993,mpoisk.ru,0.0
1994,filion.ru,0.0
1995,swedensauna.ru,0.0
1996,apest.ru,0.0
1997,live-obzor.ru,0.0
1998,xiaomi-smarthome.ru,0.0
1999,instrumenttorg.ru,0.0
2000,tribuna.com.ru,0.0
2001,blog.sibmama.ru,0.0
2002,stream-telecom.ru,0.0
2003,doctis.ru,0.0
2004,socpublic.com,0.0
2005,kursk2009.ucoz.ru,0.0
2006,drevesina.fordaq.com,0.0
2007,copyright.ru,0.0
2008,vmiredorog.com,0.0
2009,kolesa-darom.ru,0.0
2010,gomel.mitso.by,0.0
2011,samara.barahla.net,0.0
2012,sale.s7.ru,0.0
2013,goldapple.ru,0.0
2014,spsputnik.ru,0.0
2015,ekfgroup.com,0.0
2016,bfm-nn.ru,0.0
2017,ufms-mvd.com,0.0
2018,o001oo.ru,0.0
2019,abit2019.susu.ru,0.0
2020,collegespb.com,0.0
2021,domavn.ru,0.0
2022,vsezaskidkoi.ru,0.0
2023,agro-ul.ru,0.0
2024,polpred.com,0.0
2025,xn--80aakxubnjakb5h.xn--p1ai,0.0
2026,msk.allnice.ru,0.0
2027,lactomin.ru,0.0
2028,vkorpe.ru,0.0
2029,basketshop.ru,0.0
2030,diktorov.net,0.0
2031,09biz.ru,0.0
2032,mpcflowers.ru,0.0
2033,vedun.ru,0.0
2034,planetaseminarov.ru,0.0
2035,internetuniversitet.ru,0.0
2036,sitereviews.ru,0.0
2037,vsemmoney.ru,0.0
2038,expobank.ru,0.0
2039,pharmacoeconom.ru,0.0
2040,birobidzhan.beeline.ru,0.0
2041,dostavkin.com,0.0
2042,gps-nnov.ru,0.0
2043,moushe.ru,0.0
2044,uvelir.net,0.0
2045,ruscifra.ru,0.0
2046,nasharyazan.info,0.0
2047,dk54.ru,0.0
2048,kuponinaskidku.ru,0.0
2049,procing.ru,0.0
2050,pingvinus.ru,0.0
2051,bulgakovo.delovaya-ufa.ru,0.0
2052,divage.com,0.0
2053,edu.ipk.gstu.by,0.0
2054,bolshoikino.ru,0.0
2055,hcfe.ru,0.0
2056,altaystroy.ru,0.0
2057,tmesk.ru,0.0
2058,hivlife35.ru,0.0
2059,smarty.sale,0.0
2060,lockdown.rbc.ru,0.0
2061,bazarsng.ru,0.0
2062,2019.vospitately.ru,0.0
2063,tver.beeline.ru,0.0
2064,dsec.ru,0.0
2065,moscow.initpro.ru,0.0
2066,avtoall.ru,0.0
2067,investtorg.ru,0.0
2068,tatbank.ru,0.0
2069,packsell.unipack.ru,0.0
2070,obr-ku.ru,0.0
2071,xn--80af0aib8c.xn--80aaaac8algcbgbck3fl0q.xn--p1ai,0.0
2072,nissan-krasnoyarsk.ru,0.0
2073,vtv.vn,0.0
2074,pushkino.jjew.ru,0.0
2075,almetevsk.jjew.ru,0.0
2076,trendhunter.com,0.0
2077,sats.sats.spb.ru,0.0
2078,guidatv.quotidiano.net,0.0
2079,oral-maslihat.kz,0.0
2080,enics.ru,0.0
2081,brasildefato.com.br,0.0
2082,classifieds.craigdailypress.com,0.0
2083,sch498.mskobr.ru,0.0
2084,solikamsk-raion.ru,0.0
2085,calpoly.uloop.com,0.0
2086,stal.pp.net.ua,0.0
2087,ite-russia.ru,0.0
2088,roslavl.jjew.ru,0.0
2089,mysonata.ru,0.0
2090,vounb.volgograd.ru,0.0
2091,owc.de,0.0
2092,automaster.net.ua,0.0
2093,mytoys.ru,0.0
2094,ulzapovednik.ru,0.0
2095,gutscheine.computerbild.de,0.0
2096,sanktpeterburg.sdexpert.ru,0.0
2097,bryansk.jjew.ru,0.0
2098,apec2012.ru,0.0
2099,businessadvantagepng.com,0.0
2100,zhangeldy.kostanay.gov.kz,0.0
2101,barter-card.ru,0.0
2102,ruaviation.com,0.0
2103,ucheba-otziv.ru,0.0
2104,brpk-bratsk.ru,0.0
2105,jivoderov.66.ru,0.0
2106,sch867u.mskobr.ru,0.0
2107,perm.bankiros.ru,0.0
2108,life-cheb.ru,0.0
2109,mogilev.spravkus.com,0.0
2110,rf.unn.ru,0.0
2111,tehno.guru,0.0
2112,ekaterinburg.arendator.ru,0.0
2113,krasniysulin.jjew.ru,0.0
2114,realty.irk.ru,0.0
2115,zhulebertsyi.ru,0.0
2116,sanktpeterburg.jjew.ru,0.0
2117,school37.ucoz.net,0.0
2118,abiturient.dvgups.ru,0.0
2119,nikolmolod.nethouse.ru,0.0
2120,forum.simrussia.com,0.0
2121,sch1232.mskobr.ru,0.0
2122,make-and-up.com,0.0
2123,mogilev.rw.by,0.0
2124,finexpertiza.com,0.0
2125,vyatskiepolyani.jjew.ru,0.0
2126,liveuamap.com,0.0
2127,sergievoposadskiy.mosoblles.com,0.0
2128,veterenaria.kostanay.gov.kz,0.0
2129,nysepost.com,0.0
2130,uralkali.com,0.0
2131,eas.caltech.edu,0.0
2132,garnizon13.ru,0.0
2133,online-e.ru,0.0
2134,siktivkar.jjew.ru,0.0
2135,top100.seenews.com,0.0
2136,jerdenevka.jjew.ru,0.0
